Word ,Id
ATM,1
CD,2
SUV,3
TV,4
aardvark,5
abacus,6
abbey,7
abbreviation,8
abdomen,9
ability,10
abnormality,11
abolishment,12
abortion,13
abrogation,14
absence,15
abundance,16
abuse,17
academics,18
academy,19
accelerant,20
accelerator,21
accent,22
acceptance,23
access,24
accessory,25
accident,26
accommodation,27
accompanist,28
accomplishment,29
accord,30
accordance,31
accordion,32
account,33
accountability,34
accountant,35
accounting,36
accuracy,37
accusation,38
acetate,39
achievement,40
achiever,41
acid,42
acknowledgment,43
acorn,44
acoustics,45
acquaintance,46
acquisition,47
acre,48
acrylic,49
act,50
action,51
activation,52
activist,53
activity,54
actor,55
actress,56
acupuncture,57
ad,58
adaptation,59
adapter,60
addiction,61
addition,62
address,63
adjective,64
adjustment,65
admin,66
administration,67
administrator,68
admire,69
admission,70
adobe,71
adoption,72
adrenalin,73
adrenaline,74
adult,75
adulthood,76
advance,77
advancement,78
advantage,79
advent,80
adverb,81
advertisement,82
advertising,83
advice,84
adviser,85
advocacy,86
advocate,87
affair,88
affect,89
affidavit,90
affiliate,91
affinity,92
afoul,93
afterlife,94
aftermath,95
afternoon,96
aftershave,97
aftershock,98
afterthought,99
age,100
agency,101
agenda,102
agent,103
aggradation,104
aggression,105
aglet,106
agony,107
agreement,108
agriculture,109
aid,110
aide,111
aim,112
air,113
airbag,114
airbus,115
aircraft,116
airfare,117
airfield,118
airforce,119
airline,120
airmail,121
airman,122
airplane,123
airport,124
airship,125
airspace,126
alarm,127
alb,128
albatross,129
album,130
alcohol,131
alcove,132
alder,133
ale,134
alert,135
alfalfa,136
algebra,137
algorithm,138
alias,139
alibi,140
alien,141
allegation,142
allergist,143
alley,144
alliance,145
alligator,146
allocation,147
allowance,148
alloy,149
alluvium,150
almanac,151
almighty,152
almond,153
alpaca,154
alpenglow,155
alpenhorn,156
alpha,157
alphabet,158
altar,159
alteration,160
alternative,161
altitude,162
alto,163
aluminium,164
aluminum,165
amazement,166
amazon,167
ambassador,168
amber,169
ambience,170
ambiguity,171
ambition,172
ambulance,173
amendment,174
amenity,175
ammunition,176
amnesty,177
amount,178
amusement,179
anagram,180
analgesia,181
analog,182
analogue,183
analogy,184
analysis,185
analyst,186
analytics,187
anarchist,188
anarchy,189
anatomy,190
ancestor,191
anchovy,192
android,193
anesthesiologist,194
anesthesiology,195
angel,196
anger,197
angina,198
angiosperm,199
angle,200
angora,201
angstrom,202
anguish,203
animal,204
anime,205
anise,206
ankle,207
anklet,208
anniversary,209
announcement,210
annual,211
anorak,212
answer,213
ant,214
anteater,215
antecedent,216
antechamber,217
antelope,218
antennae,219
anterior,220
anthropology,221
antibody,222
anticipation,223
anticodon,224
antigen,225
antique,226
antiquity,227
antler,228
antling,229
anxiety,230
anybody,231
anyone,232
anything,233
anywhere,234
apartment,235
ape,236
aperitif,237
apology,238
app,239
apparatus,240
apparel,241
appeal,242
appearance,243
appellation,244
appendix,245
appetiser,246
appetite,247
appetizer,248
applause,249
apple,250
applewood,251
appliance,252
application,253
appointment,254
appreciation,255
apprehension,256
approach,257
appropriation,258
approval,259
apricot,260
apron,261
apse,262
aquarium,263
aquifer,264
arcade,265
arch,266
arch-rival,267
archaeologist,268
archaeology,269
archeology,270
archer,271
architect,272
architecture,273
archives,274
area,275
arena,276
argument,277
arithmetic,278
ark,279
arm,280
arm-rest,281
armadillo,282
armament,283
armchair,284
armoire,285
armor,286
armour,287
armpit,288
armrest,289
army,290
arrangement,291
array,292
arrest,293
arrival,294
arrogance,295
arrow,296
art,297
artery,298
arthur,299
artichoke,300
article,301
artifact,302
artificer,303
artist,304
ascend,305
ascent,306
ascot,307
ash,308
ashram,309
ashtray,310
aside,311
asparagus,312
aspect,313
asphalt,314
aspic,315
ass,316
assassination,317
assault,318
assembly,319
assertion,320
assessment,321
asset,322
assignment,323
assist,324
assistance,325
assistant,326
associate,327
association,328
assumption,329
assurance,330
asterisk,331
astrakhan,332
astrolabe,333
astrologer,334
astrology,335
astronomy,336
asymmetry,337
atelier,338
atheist,339
athlete,340
athletics,341
atmosphere,342
atom,343
atrium,344
attachment,345
attack,346
attacker,347
attainment,348
attempt,349
attendance,350
attendant,351
attention,352
attenuation,353
attic,354
attitude,355
attorney,356
attraction,357
attribute,358
auction,359
audience,360
audit,361
auditorium,362
aunt,363
authentication,364
authenticity,365
author,366
authorisation,367
authority,368
authorization,369
auto,370
autoimmunity,371
automation,372
automaton,373
autumn,374
availability,375
avalanche,376
avenue,377
average,378
avocado,379
award,380
awareness,381
awe,382
axis,383
azimuth,384
babe,385
baboon,386
babushka,387
baby,388
bachelor,389
back,390
back-up,391
backbone,392
backburn,393
backdrop,394
background,395
backpack,396
backup,397
backyard,398
bacon,399
bacterium,400
badge,401
badger,402
bafflement,403
bag,404
bagel,405
baggage,406
baggy,407
bagpipe,408
bail,409
bait,410
bake,411
baker,412
bakery,413
bakeware,414
balaclava,415
balalaika,416
balance,417
balcony,418
ball,419
ballet,420
balloon,421
balloonist,422
ballot,423
ballpark,424
bamboo,425
ban,426
banana,427
band,428
bandana,429
bandanna,430
bandolier,431
bandwidth,432
bangle,433
banjo,434
bank,435
bankbook,436
banker,437
banking,438
bankruptcy,439
banner,440
banquette,441
banyan,442
baobab,443
bar,444
barbecue,445
barbeque,446
barber,447
barbiturate,448
bargain,449
barge,450
baritone,451
barium,452
bark,453
barley,454
barn,455
barometer,456
barracks,457
barrage,458
barrel,459
barrier,460
barstool,461
bartender,462
base,463
baseball,464
baseboard,465
baseline,466
basement,467
basics,468
basil,469
basin,470
basis,471
basket,472
basketball,473
bass,474
bassinet,475
bassoon,476
bat,477
bath,478
bather,479
bathhouse,480
bathrobe,481
bathroom,482
bathtub,483
battalion,484
batter,485
battery,486
batting,487
battle,488
battleship,489
bay,490
bayou,491
beach,492
bead,493
beak,494
beam,495
bean,496
beancurd,497
beanie,498
beanstalk,499
bear,500
beard,501
beast,502
beastie,503
beat,504
beating,505
beauty,506
beaver,507
beck,508
bed,509
bedrock,510
bedroom,511
bee,512
beech,513
beef,514
beer,515
beet,516
beetle,517
beggar,518
beginner,519
beginning,520
begonia,521
behalf,522
behavior,523
behaviour,524
beheading,525
behest,526
behold,527
being,528
belfry,529
belief,530
believer,531
bell,532
belligerency,533
bellows,534
belly,535
belt,536
ben,537
bench,538
bend,539
beneficiary,540
benefit,541
bengal,542
beret,543
berry,544
best-seller,545
bestseller,546
bet,547
beverage,548
beyond,549
bias,550
bibliography,551
bicycle,552
bid,553
bidder,554
bidding,555
bidet,556
bifocals,557
bijou,558
bike,559
bikini,560
bill,561
billboard,562
billing,563
billion,564
bin,565
binoculars,566
biology,567
biopsy,568
biosphere,569
biplane,570
birch,571
bird,572
bird-watcher,573
birdbath,574
birdcage,575
birdhouse,576
birth,577
birthday,578
biscuit,579
bit,580
bite,581
bitten,582
bitter,583
black,584
blackberry,585
blackbird,586
blackboard,587
blackfish,588
blackness,589
bladder,590
blade,591
blame,592
blank,593
blanket,594
blast,595
blazer,596
blend,597
blessing,598
blight,599
blind,600
blinker,601
blister,602
blizzard,603
block,604
blocker,605
blog,606
blogger,607
blood,608
bloodflow,609
bloom,610
bloomer,611
bloomers,612
blossom,613
blouse,614
blow,615
blowgun,616
blowhole,617
blue,618
blueberry,619
blush,620
boar,621
board,622
boat,623
boatload,624
boatyard,625
bob,626
bobcat,627
body,628
bog,629
bolero,630
bolt,631
bomb,632
bomber,633
bombing,634
bond,635
bonding,636
bondsman,637
bone,638
bonfire,639
bongo,640
bonnet,641
bonsai,642
bonus,643
boogeyman,644
book,645
bookcase,646
bookend,647
booking,648
booklet,649
boolean,650
boom,651
boon,652
boost,653
booster,654
boot,655
bootee,656
bootie,657
booty,658
border,659
bore,660
borrower,661
borrowing,662
bosom,663
boss,664
botany,665
bother,666
bottle,667
bottling,668
bottom,669
bottom-line,670
boudoir,671
bough,672
boulder,673
boulevard,674
boundary,675
bouquet,676
bourgeoisie,677
bout,678
boutique,679
bow,680
bower,681
bowl,682
bowler,683
bowling,684
bowtie,685
box,686
boxer,687
boxspring,688
boy,689
boycott,690
boyfriend,691
boyhood,692
boysenberry,693
bra,694
brace,695
bracelet,696
bracket,697
brain,698
brake,699
bran,700
branch,701
brand,702
brandy,703
brass,704
brassiere,705
bratwurst,706
bread,707
breadcrumb,708
breadfruit,709
break,710
breakdown,711
breakfast,712
breakpoint,713
breakthrough,714
breast,715
breastplate,716
breath,717
breeze,718
brewer,719
bribery,720
brick,721
bricklaying,722
bride,723
bridge,724
brief,725
briefing,726
briefly,727
briefs,728
brilliant,729
brink,730
brisket,731
broad,732
broadcast,733
broccoli,734
brochure,735
broiler,736
broker,737
bronchitis,738
bronco,739
bronze,740
brooch,741
brood,742
brook,743
broom,744
brother,745
brother-in-law,746
brow,747
brown,748
brownie,749
browser,750
browsing,751
brunch,752
brush,753
brushfire,754
brushing,755
bubble,756
buck,757
bucket,758
buckle,759
buckwheat,760
bud,761
buddy,762
budget,763
buffalo,764
buffer,765
buffet,766
bug,767
buggy,768
bugle,769
builder,770
building,771
bulb,772
bulk,773
bull,774
bull-fighter,775
bulldozer,776
bullet,777
bump,778
bumper,779
bun,780
bunch,781
bungalow,782
bunghole,783
bunkhouse,784
burden,785
bureau,786
burglar,787
burial,788
burlesque,789
burn,790
burn-out,791
burning,792
burrito,793
burro,794
burrow,795
burst,796
bus,797
bush,798
business,799
businessman,800
bust,801
bustle,802
butane,803
butcher,804
butler,805
butter,806
butterfly,807
button,808
buy,809
buyer,810
buying,811
buzz,812
buzzard,813
c-clamp,814
cabana,815
cabbage,816
cabin,817
cabinet,818
cable,819
caboose,820
cacao,821
cactus,822
caddy,823
cadet,824
cafe,825
caffeine,826
caftan,827
cage,828
cake,829
calcification,830
calculation,831
calculator,832
calculus,833
calendar,834
calf,835
caliber,836
calibre,837
calico,838
call,839
calm,840
calorie,841
camel,842
cameo,843
camera,844
camp,845
campaign,846
campaigning,847
campanile,848
camper,849
campus,850
can,851
canal,852
cancer,853
candelabra,854
candidacy,855
candidate,856
candle,857
candy,858
cane,859
cannibal,860
cannon,861
canoe,862
canon,863
canopy,864
cantaloupe,865
canteen,866
canvas,867
cap,868
capability,869
capacity,870
cape,871
caper,872
capital,873
capitalism,874
capitulation,875
capon,876
cappelletti,877
cappuccino,878
captain,879
caption,880
captor,881
car,882
carabao,883
caramel,884
caravan,885
carbohydrate,886
carbon,887
carboxyl,888
card,889
cardboard,890
cardigan,891
care,892
career,893
cargo,894
caribou,895
carload,896
carnation,897
carnival,898
carol,899
carotene,900
carp,901
carpenter,902
carpet,903
carpeting,904
carport,905
carriage,906
carrier,907
carrot,908
carry,909
cart,910
cartel,911
carter,912
cartilage,913
cartload,914
cartoon,915
cartridge,916
carving,917
cascade,918
case,919
casement,920
cash,921
cashew,922
cashier,923
casino,924
casket,925
cassava,926
casserole,927
cassock,928
cast,929
castanet,930
castle,931
casualty,932
cat,933
catacomb,934
catalogue,935
catalysis,936
catalyst,937
catamaran,938
catastrophe,939
catch,940
catcher,941
category,942
caterpillar,943
cathedral,944
cation,945
catsup,946
cattle,947
cauliflower,948
causal,949
cause,950
causeway,951
caution,952
cave,953
caviar,954
cayenne,955
ceiling,956
celebration,957
celebrity,958
celeriac,959
celery,960
cell,961
cellar,962
cello,963
celsius,964
cement,965
cemetery,966
cenotaph,967
census,968
cent,969
center,970
centimeter,971
centre,972
centurion,973
century,974
cephalopod,975
ceramic,976
ceramics,977
cereal,978
ceremony,979
certainty,980
certificate,981
certification,982
cesspool,983
chafe,984
chain,985
chainstay,986
chair,987
chairlift,988
chairman,989
chairperson,990
chaise,991
chalet,992
chalice,993
chalk,994
challenge,995
chamber,996
champagne,997
champion,998
championship,999
chance,1000
chandelier,1001
change,1002
channel,1003
chaos,1004
chap,1005
chapel,1006
chaplain,1007
chapter,1008
character,1009
characteristic,1010
characterization,1011
chard,1012
charge,1013
charity,1014
charlatan,1015
charm,1016
charset,1017
chart,1018
charter,1019
chasm,1020
chassis,1021
chastity,1022
chasuble,1023
chateau,1024
chatter,1025
chauffeur,1026
chauvinist,1027
check,1028
checking,1029
checkout,1030
checkroom,1031
cheddar,1032
cheek,1033
cheer,1034
cheese,1035
cheesecake,1036
cheetah,1037
chef,1038
chem,1039
chemical,1040
chemistry,1041
chemotaxis,1042
cheque,1043
cherry,1044
chess,1045
chest,1046
chestnut,1047
chick,1048
chicken,1049
chicory,1050
chief,1051
chiffonier,1052
child,1053
childbirth,1054
childhood,1055
chili,1056
chill,1057
chime,1058
chimpanzee,1059
chin,1060
chinchilla,1061
chino,1062
chip,1063
chipmunk,1064
chit-chat,1065
chivalry,1066
chive,1067
chives,1068
chocolate,1069
choice,1070
choir,1071
choker,1072
cholesterol,1073
choosing,1074
chop,1075
chops,1076
chopstick,1077
chopsticks,1078
chord,1079
chorus,1080
chow,1081
chowder,1082
chrome,1083
chromolithograph,1084
chronicle,1085
chronograph,1086
chronometer,1087
chrysalis,1088
chub,1089
chuck,1090
chug,1091
church,1092
churn,1093
chutney,1094
cicada,1095
cigarette,1096
cilantro,1097
cinema,1098
cinnamon,1099
circadian,1100
circle,1101
circuit,1102
circulation,1103
circumference,1104
circumstance,1105
cirrhosis,1106
cirrus,1107
citizen,1108
citizenship,1109
citron,1110
citrus,1111
city,1112
civilian,1113
civilisation,1114
civilization,1115
claim,1116
clam,1117
clan,1118
clank,1119
clapboard,1120
clarification,1121
clarinet,1122
clarity,1123
clasp,1124
class,1125
classic,1126
classification,1127
classmate,1128
classroom,1129
clause,1130
clave,1131
clavicle,1132
clavier,1133
claw,1134
clay,1135
cleaner,1136
clearance,1137
clearing,1138
cleat,1139
cleavage,1140
clef,1141
cleft,1142
clergyman,1143
cleric,1144
clerk,1145
click,1146
client,1147
cliff,1148
climate,1149
climb,1150
clinic,1151
clip,1152
clipboard,1153
clipper,1154
cloak,1155
cloakroom,1156
clock,1157
clockwork,1158
clogs,1159
cloister,1160
clone,1161
close,1162
closet,1163
closing,1164
closure,1165
cloth,1166
clothes,1167
clothing,1168
cloud,1169
cloudburst,1170
clove,1171
clover,1172
cloves,1173
club,1174
clue,1175
cluster,1176
clutch,1177
co-producer,1178
coach,1179
coal,1180
coalition,1181
coast,1182
coat,1183
cob,1184
cobbler,1185
cobweb,1186
cock,1187
cockpit,1188
cockroach,1189
cocktail,1190
cocoa,1191
coconut,1192
cod,1193
code,1194
codepage,1195
codling,1196
codon,1197
codpiece,1198
coevolution,1199
cofactor,1200
coffee,1201
coffin,1202
cohesion,1203
cohort,1204
coil,1205
coin,1206
coincidence,1207
coinsurance,1208
coke,1209
cold,1210
coleslaw,1211
coliseum,1212
collaboration,1213
collagen,1214
collapse,1215
collar,1216
collard,1217
collateral,1218
colleague,1219
collection,1220
collectivisation,1221
collectivization,1222
collector,1223
college,1224
collision,1225
colloquy,1226
colon,1227
colonial,1228
colonialism,1229
colonisation,1230
colonization,1231
colony,1232
color,1233
colorlessness,1234
colt,1235
column,1236
columnist,1237
comb,1238
combat,1239
combination,1240
combine,1241
comeback,1242
comedy,1243
comestible,1244
comfort,1245
comfortable,1246
comic,1247
comics,1248
comma,1249
command,1250
commander,1251
commandment,1252
comment,1253
commerce,1254
commercial,1255
commission,1256
commitment,1257
committee,1258
commodity,1259
common,1260
commonsense,1261
commotion,1262
communicant,1263
communication,1264
communion,1265
communist,1266
community,1267
commuter,1268
company,1269
comparison,1270
compass,1271
compassion,1272
compassionate,1273
compensation,1274
competence,1275
competition,1276
competitor,1277
complaint,1278
complement,1279
completion,1280
complex,1281
complexity,1282
compliance,1283
complication,1284
complicity,1285
compliment,1286
component,1287
comportment,1288
composer,1289
composite,1290
composition,1291
compost,1292
comprehension,1293
compress,1294
compromise,1295
comptroller,1296
compulsion,1297
computer,1298
comradeship,1299
con,1300
concentrate,1301
concentration,1302
concept,1303
conception,1304
concern,1305
concert,1306
conclusion,1307
concrete,1308
condition,1309
condominium,1310
condor,1311
conduct,1312
conductor,1313
cone,1314
confectionery,1315
conference,1316
confidence,1317
confidentiality,1318
configuration,1319
confirmation,1320
conflict,1321
conformation,1322
confusion,1323
conga,1324
congo,1325
congregation,1326
congress,1327
congressman,1328
congressperson,1329
conifer,1330
connection,1331
connotation,1332
conscience,1333
consciousness,1334
consensus,1335
consent,1336
consequence,1337
conservation,1338
conservative,1339
consideration,1340
consignment,1341
consist,1342
consistency,1343
console,1344
consonant,1345
conspiracy,1346
conspirator,1347
constant,1348
constellation,1349
constitution,1350
constraint,1351
construction,1352
consul,1353
consulate,1354
consulting,1355
consumer,1356
consumption,1357
contact,1358
contact lens,1359
contagion,1360
container,1361
content,1362
contention,1363
contest,1364
context,1365
continent,1366
contingency,1367
continuity,1368
contour,1369
contract,1370
contractor,1371
contrail,1372
contrary,1373
contrast,1374
contribution,1375
contributor,1376
control,1377
controller,1378
controversy,1379
convection,1380
convenience,1381
convention,1382
conversation,1383
conversion,1384
convert,1385
convertible,1386
conviction,1387
cook,1388
cookbook,1389
cookie,1390
cooking,1391
coonskin,1392
cooperation,1393
coordination,1394
coordinator,1395
cop,1396
cop-out,1397
cope,1398
copper,1399
copy,1400
copying,1401
copyright,1402
copywriter,1403
coral,1404
cord,1405
corduroy,1406
core,1407
cork,1408
cormorant,1409
corn,1410
corner,1411
cornerstone,1412
cornet,1413
cornflakes,1414
cornmeal,1415
corporal,1416
corporation,1417
corporatism,1418
corps,1419
corral,1420
correspondence,1421
correspondent,1422
corridor,1423
corruption,1424
corsage,1425
cosset,1426
cost,1427
costume,1428
cot,1429
cottage,1430
cotton,1431
couch,1432
cougar,1433
cough,1434
council,1435
councilman,1436
councilor,1437
councilperson,1438
counsel,1439
counseling,1440
counselling,1441
counsellor,1442
counselor,1443
count,1444
counter,1445
counter-force,1446
counterpart,1447
counterterrorism,1448
countess,1449
country,1450
countryside,1451
county,1452
couple,1453
coupon,1454
courage,1455
course,1456
court,1457
courthouse,1458
courtroom,1459
cousin,1460
covariate,1461
cover,1462
coverage,1463
coverall,1464
cow,1465
cowbell,1466
cowboy,1467
coyote,1468
crab,1469
crack,1470
cracker,1471
crackers,1472
cradle,1473
craft,1474
craftsman,1475
cranberry,1476
crane,1477
cranky,1478
crap,1479
crash,1480
crate,1481
cravat,1482
craw,1483
crawdad,1484
crayfish,1485
crayon,1486
crazy,1487
cream,1488
creation,1489
creationism,1490
creationist,1491
creative,1492
creativity,1493
creator,1494
creature,1495
creche,1496
credential,1497
credenza,1498
credibility,1499
credit,1500
creditor,1501
creek,1502
creme brulee,1503
crepe,1504
crest,1505
crew,1506
crewman,1507
crewmate,1508
crewmember,1509
crewmen,1510
cria,1511
crib,1512
cribbage,1513
cricket,1514
cricketer,1515
crime,1516
criminal,1517
crinoline,1518
crisis,1519
crisp,1520
criteria,1521
criterion,1522
critic,1523
criticism,1524
crocodile,1525
crocus,1526
croissant,1527
crook,1528
crop,1529
cross,1530
cross-contamination,1531
cross-stitch,1532
crotch,1533
croup,1534
crow,1535
crowd,1536
crown,1537
crucifixion,1538
crude,1539
cruelty,1540
cruise,1541
crumb,1542
crunch,1543
crusader,1544
crush,1545
crust,1546
cry,1547
crystal,1548
crystallography,1549
cub,1550
cuckoo,1551
cucumber,1552
cue,1553
cuff-link,1554
cuisine,1555
cultivar,1556
cultivator,1557
culture,1558
culvert,1559
cummerbund,1560
cup,1561
cupboard,1562
cupcake,1563
cupola,1564
curd,1565
cure,1566
curio,1567
curiosity,1568
curl,1569
curler,1570
currant,1571
currency,1572
current,1573
curriculum,1574
curry,1575
curse,1576
cursor,1577
curtailment,1578
curtain,1579
curve,1580
cushion,1581
custard,1582
custody,1583
custom,1584
customer,1585
cut,1586
cuticle,1587
cutlet,1588
cutover,1589
cutting,1590
cyclamen,1591
cycle,1592
cyclone,1593
cyclooxygenase,1594
cygnet,1595
cylinder,1596
cymbal,1597
cynic,1598
cyst,1599
cytokine,1600
cytoplasm,1601
dad,1602
daddy,1603
daffodil,1604
dagger,1605
dahlia,1606
daikon,1607
daily,1608
dairy,1609
daisy,1610
dam,1611
damage,1612
dame,1613
damn,1614
dance,1615
dancer,1616
dancing,1617
dandelion,1618
danger,1619
dare,1620
dark,1621
darkness,1622
darn,1623
dart,1624
dash,1625
dashboard,1626
data,1627
database,1628
date,1629
daughter,1630
dawn,1631
day,1632
daybed,1633
daylight,1634
dead,1635
deadline,1636
deal,1637
dealer,1638
dealing,1639
dearest,1640
death,1641
deathwatch,1642
debate,1643
debris,1644
debt,1645
debtor,1646
decade,1647
decadence,1648
decency,1649
decimal,1650
decision,1651
decision-making,1652
deck,1653
declaration,1654
declination,1655
decline,1656
decoder,1657
decongestant,1658
decoration,1659
decrease,1660
decryption,1661
dedication,1662
deduce,1663
deduction,1664
deed,1665
deep,1666
deer,1667
default,1668
defeat,1669
defendant,1670
defender,1671
defense,1672
deficit,1673
definition,1674
deformation,1675
degradation,1676
degree,1677
delay,1678
deliberation,1679
delight,1680
delivery,1681
demand,1682
democracy,1683
democrat,1684
demon,1685
demur,1686
den,1687
denim,1688
denominator,1689
density,1690
dentist,1691
deodorant,1692
department,1693
departure,1694
dependency,1695
dependent,1696
deployment,1697
deposit,1698
deposition,1699
depot,1700
depression,1701
depressive,1702
depth,1703
deputy,1704
derby,1705
derivation,1706
derivative,1707
derrick,1708
descendant,1709
descent,1710
description,1711
desert,1712
design,1713
designation,1714
designer,1715
desire,1716
desk,1717
desktop,1718
dessert,1719
destination,1720
destiny,1721
destroyer,1722
destruction,1723
detail,1724
detainee,1725
detainment,1726
detection,1727
detective,1728
detector,1729
detention,1730
determination,1731
detour,1732
devastation,1733
developer,1734
developing,1735
development,1736
developmental,1737
deviance,1738
deviation,1739
device,1740
devil,1741
dew,1742
dhow,1743
diabetes,1744
diadem,1745
diagnosis,1746
diagram,1747
dial,1748
dialect,1749
dialogue,1750
diam,1751
diamond,1752
diaper,1753
diaphragm,1754
diarist,1755
diary,1756
dibble,1757
dick,1758
dickey,1759
dictaphone,1760
dictator,1761
diction,1762
dictionary,1763
die,1764
diesel,1765
diet,1766
difference,1767
differential,1768
difficulty,1769
diffuse,1770
dig,1771
digestion,1772
digestive,1773
digger,1774
digging,1775
digit,1776
dignity,1777
dilapidation,1778
dill,1779
dilution,1780
dime,1781
dimension,1782
dimple,1783
diner,1784
dinghy,1785
dining,1786
dinner,1787
dinosaur,1788
dioxide,1789
dip,1790
diploma,1791
diplomacy,1792
dipstick,1793
direction,1794
directive,1795
director,1796
directory,1797
dirndl,1798
dirt,1799
disability,1800
disadvantage,1801
disagreement,1802
disappointment,1803
disarmament,1804
disaster,1805
discharge,1806
discipline,1807
disclaimer,1808
disclosure,1809
disco,1810
disconnection,1811
discount,1812
discourse,1813
discovery,1814
discrepancy,1815
discretion,1816
discrimination,1817
discussion,1818
disdain,1819
disease,1820
disembodiment,1821
disengagement,1822
disguise,1823
disgust,1824
dish,1825
dishwasher,1826
disk,1827
disparity,1828
dispatch,1829
displacement,1830
display,1831
disposal,1832
disposer,1833
disposition,1834
dispute,1835
disregard,1836
disruption,1837
dissemination,1838
dissonance,1839
distance,1840
distinction,1841
distortion,1842
distribution,1843
distributor,1844
district,1845
divalent,1846
divan,1847
diver,1848
diversity,1849
divide,1850
dividend,1851
divider,1852
divine,1853
diving,1854
division,1855
divorce,1856
doc,1857
dock,1858
doctor,1859
doctorate,1860
doctrine,1861
document,1862
documentary,1863
documentation,1864
doe,1865
dog,1866
doggie,1867
dogsled,1868
dogwood,1869
doing,1870
doll,1871
dollar,1872
dollop,1873
dolman,1874
dolor,1875
dolphin,1876
domain,1877
dome,1878
domination,1879
donation,1880
donkey,1881
donor,1882
donut,1883
door,1884
doorbell,1885
doorknob,1886
doorpost,1887
doorway,1888
dory,1889
dose,1890
dot,1891
double,1892
doubling,1893
doubt,1894
doubter,1895
dough,1896
doughnut,1897
down,1898
downfall,1899
downforce,1900
downgrade,1901
download,1902
downstairs,1903
downtown,1904
downturn,1905
dozen,1906
draft,1907
drag,1908
dragon,1909
dragonfly,1910
dragonfruit,1911
dragster,1912
drain,1913
drainage,1914
drake,1915
drama,1916
dramaturge,1917
drapes,1918
draw,1919
drawbridge,1920
drawer,1921
drawing,1922
dream,1923
dreamer,1924
dredger,1925
dress,1926
dresser,1927
dressing,1928
drill,1929
drink,1930
drinking,1931
drive,1932
driver,1933
driveway,1934
driving,1935
drizzle,1936
dromedary,1937
drop,1938
drudgery,1939
drug,1940
drum,1941
drummer,1942
drunk,1943
dryer,1944
duck,1945
duckling,1946
dud,1947
dude,1948
due,1949
duel,1950
dueling,1951
duffel,1952
dugout,1953
dulcimer,1954
dumbwaiter,1955
dump,1956
dump truck,1957
dune,1958
dune buggy,1959
dungarees,1960
dungeon,1961
duplexer,1962
duration,1963
durian,1964
dusk,1965
dust,1966
dust storm,1967
duster,1968
duty,1969
dwarf,1970
dwell,1971
dwelling,1972
dynamics,1973
dynamite,1974
dynamo,1975
dynasty,1976
dysfunction,1977
e-book,1978
e-mail,1979
e-reader,1980
eagle,1981
eaglet,1982
ear,1983
eardrum,1984
earmuffs,1985
earnings,1986
earplug,1987
earring,1988
earrings,1989
earth,1990
earthquake,1991
earthworm,1992
ease,1993
easel,1994
east,1995
eating,1996
eaves,1997
eavesdropper,1998
ecclesia,1999
echidna,2000
eclipse,2001
ecliptic,2002
ecology,2003
economics,2004
economy,2005
ecosystem,2006
ectoderm,2007
ectodermal,2008
ecumenist,2009
eddy,2010
edge,2011
edger,2012
edible,2013
editing,2014
edition,2015
editor,2016
editorial,2017
education,2018
eel,2019
effacement,2020
effect,2021
effective,2022
effectiveness,2023
effector,2024
efficacy,2025
efficiency,2026
effort,2027
egg,2028
egghead,2029
eggnog,2030
eggplant,2031
ego,2032
eicosanoid,2033
ejector,2034
elbow,2035
elderberry,2036
election,2037
electricity,2038
electrocardiogram,2039
electronics,2040
element,2041
elephant,2042
elevation,2043
elevator,2044
eleventh,2045
elf,2046
elicit,2047
eligibility,2048
elimination,2049
elite,2050
elixir,2051
elk,2052
ellipse,2053
elm,2054
elongation,2055
elver,2056
email,2057
emanate,2058
embarrassment,2059
embassy,2060
embellishment,2061
embossing,2062
embryo,2063
emerald,2064
emergence,2065
emergency,2066
emergent,2067
emery,2068
emission,2069
emitter,2070
emotion,2071
emphasis,2072
empire,2073
employ,2074
employee,2075
employer,2076
employment,2077
empowerment,2078
emu,2079
enactment,2080
encirclement,2081
enclave,2082
enclosure,2083
encounter,2084
encouragement,2085
encyclopedia,2086
end,2087
endive,2088
endoderm,2089
endorsement,2090
endothelium,2091
endpoint,2092
enemy,2093
energy,2094
enforcement,2095
engagement,2096
engine,2097
engineer,2098
engineering,2099
enigma,2100
enjoyment,2101
enquiry,2102
enrollment,2103
enterprise,2104
entertainment,2105
enthusiasm,2106
entirety,2107
entity,2108
entrance,2109
entree,2110
entrepreneur,2111
entry,2112
envelope,2113
environment,2114
envy,2115
enzyme,2116
epauliere,2117
epee,2118
ephemera,2119
ephemeris,2120
ephyra,2121
epic,2122
episode,2123
epithelium,2124
epoch,2125
eponym,2126
epoxy,2127
equal,2128
equality,2129
equation,2130
equinox,2131
equipment,2132
equity,2133
equivalent,2134
era,2135
erection,2136
erosion,2137
error,2138
escalator,2139
escape,2140
escort,2141
espadrille,2142
espalier,2143
essay,2144
essence,2145
essential,2146
establishment,2147
estate,2148
estimate,2149
estrogen,2150
estuary,2151
eternity,2152
ethernet,2153
ethics,2154
ethnicity,2155
ethyl,2156
euphonium,2157
eurocentrism,2158
evaluation,2159
evaluator,2160
evaporation,2161
eve,2162
evening,2163
evening-wear,2164
event,2165
everybody,2166
everyone,2167
everything,2168
eviction,2169
evidence,2170
evil,2171
evocation,2172
evolution,2173
ex-husband,2174
ex-wife,2175
exaggeration,2176
exam,2177
examination,2178
examiner,2179
example,2180
exasperation,2181
excellence,2182
exception,2183
excerpt,2184
excess,2185
exchange,2186
excitement,2187
exclamation,2188
excursion,2189
excuse,2190
execution,2191
executive,2192
executor,2193
exercise,2194
exhaust,2195
exhaustion,2196
exhibit,2197
exhibition,2198
exile,2199
existence,2200
exit,2201
exocrine,2202
expansion,2203
expansionism,2204
expectancy,2205
expectation,2206
expedition,2207
expense,2208
experience,2209
experiment,2210
experimentation,2211
expert,2212
expertise,2213
explanation,2214
exploration,2215
explorer,2216
explosion,2217
export,2218
expose,2219
exposition,2220
exposure,2221
expression,2222
extension,2223
extent,2224
exterior,2225
external,2226
extinction,2227
extreme,2228
extremist,2229
eye,2230
eyeball,2231
eyebrow,2232
eyebrows,2233
eyeglasses,2234
eyelash,2235
eyelashes,2236
eyelid,2237
eyelids,2238
eyeliner,2239
eyestrain,2240
eyrie,2241
fabric,2242
face,2243
facelift,2244
facet,2245
facility,2246
facsimile,2247
fact,2248
factor,2249
factory,2250
faculty,2251
fahrenheit,2252
fail,2253
failure,2254
fairness,2255
fairy,2256
faith,2257
faithful,2258
fall,2259
fallacy,2260
falling-out,2261
fame,2262
familiar,2263
familiarity,2264
family,2265
fan,2266
fang,2267
fanlight,2268
fanny,2269
fanny-pack,2270
fantasy,2271
farm,2272
farmer,2273
farming,2274
farmland,2275
farrow,2276
fascia,2277
fashion,2278
fat,2279
fate,2280
father,2281
father-in-law,2282
fatigue,2283
fatigues,2284
faucet,2285
fault,2286
fav,2287
fava,2288
favor,2289
favorite,2290
fawn,2291
fax,2292
fear,2293
feast,2294
feather,2295
feature,2296
fedelini,2297
federation,2298
fedora,2299
fee,2300
feed,2301
feedback,2302
feeding,2303
feel,2304
feeling,2305
fellow,2306
felony,2307
female,2308
fen,2309
fence,2310
fencing,2311
fender,2312
feng,2313
fennel,2314
ferret,2315
ferry,2316
ferryboat,2317
fertilizer,2318
festival,2319
fetus,2320
few,2321
fiber,2322
fiberglass,2323
fibre,2324
fibroblast,2325
fibrosis,2326
ficlet,2327
fiction,2328
fiddle,2329
field,2330
fiery,2331
fiesta,2332
fifth,2333
fig,2334
fight,2335
fighter,2336
figure,2337
figurine,2338
file,2339
filing,2340
fill,2341
fillet,2342
filly,2343
film,2344
filter,2345
filth,2346
final,2347
finance,2348
financing,2349
finding,2350
fine,2351
finer,2352
finger,2353
fingerling,2354
fingernail,2355
finish,2356
finisher,2357
fir,2358
fire,2359
fireman,2360
fireplace,2361
firewall,2362
firm,2363
first,2364
fish,2365
fishbone,2366
fisherman,2367
fishery,2368
fishing,2369
fishmonger,2370
fishnet,2371
fisting,2372
fit,2373
fitness,2374
fix,2375
fixture,2376
flag,2377
flair,2378
flame,2379
flan,2380
flanker,2381
flare,2382
flash,2383
flat,2384
flatboat,2385
flavor,2386
flax,2387
fleck,2388
fledgling,2389
fleece,2390
flesh,2391
flexibility,2392
flick,2393
flicker,2394
flight,2395
flint,2396
flintlock,2397
flip-flops,2398
flock,2399
flood,2400
floodplain,2401
floor,2402
floozie,2403
flour,2404
flow,2405
flower,2406
flu,2407
flugelhorn,2408
fluke,2409
flume,2410
flung,2411
flute,2412
fly,2413
flytrap,2414
foal,2415
foam,2416
fob,2417
focus,2418
fog,2419
fold,2420
folder,2421
folk,2422
folklore,2423
follower,2424
following,2425
fondue,2426
font,2427
food,2428
foodstuffs,2429
fool,2430
foot,2431
footage,2432
football,2433
footnote,2434
footprint,2435
footrest,2436
footstep,2437
footstool,2438
footwear,2439
forage,2440
forager,2441
foray,2442
force,2443
ford,2444
forearm,2445
forebear,2446
forecast,2447
forehead,2448
foreigner,2449
forelimb,2450
forest,2451
forestry,2452
forever,2453
forgery,2454
fork,2455
form,2456
formal,2457
formamide,2458
format,2459
formation,2460
former,2461
formicarium,2462
formula,2463
fort,2464
forte,2465
fortnight,2466
fortress,2467
fortune,2468
forum,2469
foundation,2470
founder,2471
founding,2472
fountain,2473
fourths,2474
fowl,2475
fox,2476
foxglove,2477
fraction,2478
fragrance,2479
frame,2480
framework,2481
fratricide,2482
fraud,2483
fraudster,2484
freak,2485
freckle,2486
freedom,2487
freelance,2488
freezer,2489
freezing,2490
freight,2491
freighter,2492
frenzy,2493
freon,2494
frequency,2495
fresco,2496
friction,2497
fridge,2498
friend,2499
friendship,2500
fries,2501
frigate,2502
fright,2503
fringe,2504
fritter,2505
frock,2506
frog,2507
front,2508
frontier,2509
frost,2510
frosting,2511
frown,2512
fruit,2513
frustration,2514
fry,2515
fuck,2516
fuel,2517
fugato,2518
fulfillment,2519
full,2520
fun,2521
function,2522
functionality,2523
fund,2524
funding,2525
fundraising,2526
funeral,2527
fur,2528
furnace,2529
furniture,2530
furry,2531
fusarium,2532
futon,2533
future,2534
gadget,2535
gaffe,2536
gaffer,2537
gain,2538
gaiters,2539
gale,2540
gall-bladder,2541
gallery,2542
galley,2543
gallon,2544
galoshes,2545
gambling,2546
game,2547
gamebird,2548
gaming,2549
gamma-ray,2550
gander,2551
gang,2552
gap,2553
garage,2554
garb,2555
garbage,2556
garden,2557
garlic,2558
garment,2559
garter,2560
gas,2561
gasket,2562
gasoline,2563
gasp,2564
gastronomy,2565
gastropod,2566
gate,2567
gateway,2568
gather,2569
gathering,2570
gator,2571
gauge,2572
gauntlet,2573
gavel,2574
gazebo,2575
gazelle,2576
gear,2577
gearshift,2578
geek,2579
gel,2580
gelatin,2581
gelding,2582
gem,2583
gemsbok,2584
gender,2585
gene,2586
general,2587
generation,2588
generator,2589
generosity,2590
genetics,2591
genie,2592
genius,2593
genocide,2594
genre,2595
gentleman,2596
geography,2597
geology,2598
geometry,2599
geranium,2600
gerbil,2601
gesture,2602
geyser,2603
gherkin,2604
ghost,2605
giant,2606
gift,2607
gig,2608
gigantism,2609
giggle,2610
ginger,2611
gingerbread,2612
ginseng,2613
giraffe,2614
girdle,2615
girl,2616
girlfriend,2617
git,2618
glacier,2619
gladiolus,2620
glance,2621
gland,2622
glass,2623
glasses,2624
glee,2625
glen,2626
glider,2627
gliding,2628
glimpse,2629
globe,2630
glockenspiel,2631
gloom,2632
glory,2633
glove,2634
glow,2635
glucose,2636
glue,2637
glut,2638
glutamate,2639
gnat,2640
gnu,2641
go-kart,2642
goal,2643
goat,2644
gobbler,2645
god,2646
goddess,2647
godfather,2648
godmother,2649
godparent,2650
goggles,2651
going,2652
gold,2653
goldfish,2654
golf,2655
gondola,2656
gong,2657
good,2658
good-bye,2659
goodbye,2660
goodie,2661
goodness,2662
goodnight,2663
goodwill,2664
goose,2665
gopher,2666
gore-tex,2667
gorilla,2668
gosling,2669
gossip,2670
governance,2671
government,2672
governor,2673
gown,2674
grab-bag,2675
grace,2676
grade,2677
gradient,2678
graduate,2679
graduation,2680
graffiti,2681
graft,2682
grain,2683
gram,2684
grammar,2685
gran,2686
grand,2687
grandchild,2688
granddaughter,2689
grandfather,2690
grandma,2691
grandmom,2692
grandmother,2693
grandpa,2694
grandparent,2695
grandson,2696
granny,2697
granola,2698
grant,2699
grape,2700
grapefruit,2701
graph,2702
graphic,2703
grasp,2704
grass,2705
grasshopper,2706
grassland,2707
gratitude,2708
gravel,2709
gravitas,2710
gravity,2711
gravy,2712
gray,2713
grease,2714
great-grandfather,2715
great-grandmother,2716
greatness,2717
greed,2718
green,2719
greenhouse,2720
greens,2721
grenade,2722
grey,2723
grief,2724
grill,2725
grin,2726
grip,2727
gripper,2728
grit,2729
grocery,2730
ground,2731
group,2732
grouper,2733
grouse,2734
grove,2735
growth,2736
grub,2737
guacamole,2738
guarantee,2739
guard,2740
guava,2741
guerrilla,2742
guess,2743
guest,2744
guestbook,2745
guidance,2746
guide,2747
guideline,2748
guilder,2749
guilt,2750
guilty,2751
guinea,2752
guitar,2753
guitarist,2754
gum,2755
gumshoe,2756
gun,2757
gunpowder,2758
gutter,2759
guy,2760
gym,2761
gymnast,2762
gymnastics,2763
gynaecology,2764
gyro,2765
habit,2766
habitat,2767
hacienda,2768
hacksaw,2769
hackwork,2770
hail,2771
hair,2772
haircut,2773
hake,2774
half,2775
half-brother,2776
half-sister,2777
halibut,2778
hall,2779
halloween,2780
hallway,2781
halt,2782
ham,2783
hamburger,2784
hammer,2785
hammock,2786
hamster,2787
hand,2788
hand-holding,2789
handball,2790
handful,2791
handgun,2792
handicap,2793
handle,2794
handlebar,2795
handmaiden,2796
handover,2797
handrail,2798
handsaw,2799
happening,2800
happiness,2801
harald,2802
harbor,2803
harbour,2804
hard-hat,2805
hardboard,2806
hardcover,2807
hardening,2808
hardhat,2809
hardship,2810
hardware,2811
hare,2812
harm,2813
harmonica,2814
harmonise,2815
harmonize,2816
harmony,2817
harp,2818
harpooner,2819
harpsichord,2820
harvest,2821
harvester,2822
hash,2823
hashtag,2824
hassock,2825
haste,2826
hat,2827
hatbox,2828
hatchet,2829
hatchling,2830
hate,2831
hatred,2832
haunt,2833
haven,2834
haversack,2835
havoc,2836
hawk,2837
hay,2838
haze,2839
hazel,2840
hazelnut,2841
head,2842
headache,2843
headlight,2844
headline,2845
headquarters,2846
headrest,2847
health,2848
health-care,2849
hearing,2850
hearsay,2851
heart,2852
heart-throb,2853
heartache,2854
heartbeat,2855
hearth,2856
hearthside,2857
heartwood,2858
heat,2859
heater,2860
heating,2861
heaven,2862
heavy,2863
hectare,2864
hedge,2865
hedgehog,2866
heel,2867
heifer,2868
height,2869
heir,2870
heirloom,2871
helicopter,2872
helium,2873
hell,2874
hellcat,2875
hello,2876
helmet,2877
helo,2878
help,2879
hemisphere,2880
hemp,2881
hen,2882
hepatitis,2883
herb,2884
herbs,2885
heritage,2886
hermit,2887
hero,2888
heroine,2889
heron,2890
herring,2891
hesitation,2892
heterosexual,2893
hexagon,2894
heyday,2895
hiccups,2896
hide,2897
hierarchy,2898
high,2899
high-rise,2900
highland,2901
highlight,2902
highway,2903
hike,2904
hiking,2905
hill,2906
hint,2907
hip,2908
hippodrome,2909
hippopotamus,2910
hire,2911
hiring,2912
historian,2913
history,2914
hit,2915
hive,2916
hobbit,2917
hobby,2918
hockey,2919
hoe,2920
hog,2921
hold,2922
holder,2923
hole,2924
holiday,2925
home,2926
homeland,2927
homeownership,2928
hometown,2929
homework,2930
homicide,2931
homogenate,2932
homonym,2933
homosexual,2934
homosexuality,2935
honesty,2936
honey,2937
honeybee,2938
honeydew,2939
honor,2940
honoree,2941
hood,2942
hoof,2943
hook,2944
hop,2945
hope,2946
hops,2947
horde,2948
horizon,2949
hormone,2950
horn,2951
hornet,2952
horror,2953
horse,2954
horseradish,2955
horst,2956
hose,2957
hosiery,2958
hospice,2959
hospital,2960
hospitalisation,2961
hospitality,2962
hospitalization,2963
host,2964
hostel,2965
hostess,2966
hotdog,2967
hotel,2968
hound,2969
hour,2970
hourglass,2971
house,2972
houseboat,2973
household,2974
housewife,2975
housework,2976
housing,2977
hovel,2978
hovercraft,2979
howard,2980
howitzer,2981
hub,2982
hubcap,2983
hubris,2984
hug,2985
hugger,2986
hull,2987
human,2988
humanity,2989
humidity,2990
hummus,2991
humor,2992
humour,2993
hunchback,2994
hundred,2995
hunger,2996
hunt,2997
hunter,2998
hunting,2999
hurdle,3000
hurdler,3001
hurricane,3002
hurry,3003
hurt,3004
husband,3005
hut,3006
hutch,3007
hyacinth,3008
hybridisation,3009
hybridization,3010
hydrant,3011
hydraulics,3012
hydrocarb,3013
hydrocarbon,3014
hydrofoil,3015
hydrogen,3016
hydrolyse,3017
hydrolysis,3018
hydrolyze,3019
hydroxyl,3020
hyena,3021
hygienic,3022
hype,3023
hyphenation,3024
hypochondria,3025
hypothermia,3026
hypothesis,3027
ice,3028
ice-cream,3029
iceberg,3030
icebreaker,3031
icecream,3032
icicle,3033
icing,3034
icon,3035
icy,3036
id,3037
idea,3038
ideal,3039
identification,3040
identity,3041
ideology,3042
idiom,3043
idiot,3044
igloo,3045
ignorance,3046
ignorant,3047
ikebana,3048
illegal,3049
illiteracy,3050
illness,3051
illusion,3052
illustration,3053
image,3054
imagination,3055
imbalance,3056
imitation,3057
immigrant,3058
immigration,3059
immortal,3060
impact,3061
impairment,3062
impala,3063
impediment,3064
implement,3065
implementation,3066
implication,3067
import,3068
importance,3069
impostor,3070
impress,3071
impression,3072
imprisonment,3073
impropriety,3074
improvement,3075
impudence,3076
impulse,3077
in-joke,3078
in-laws,3079
inability,3080
inauguration,3081
inbox,3082
incandescence,3083
incarnation,3084
incense,3085
incentive,3086
inch,3087
incidence,3088
incident,3089
incision,3090
inclusion,3091
income,3092
incompetence,3093
inconvenience,3094
increase,3095
incubation,3096
independence,3097
independent,3098
index,3099
indication,3100
indicator,3101
indigence,3102
individual,3103
industrialisation,3104
industrialization,3105
industry,3106
inequality,3107
inevitable,3108
infancy,3109
infant,3110
infarction,3111
infection,3112
infiltration,3113
infinite,3114
infix,3115
inflammation,3116
inflation,3117
influence,3118
influx,3119
info,3120
information,3121
infrastructure,3122
infusion,3123
inglenook,3124
ingrate,3125
ingredient,3126
inhabitant,3127
inheritance,3128
inhibition,3129
inhibitor,3130
initial,3131
initialise,3132
initialize,3133
initiative,3134
injunction,3135
injury,3136
injustice,3137
ink,3138
inlay,3139
inn,3140
innervation,3141
innocence,3142
innocent,3143
innovation,3144
input,3145
inquiry,3146
inscription,3147
insect,3148
insectarium,3149
insert,3150
inside,3151
insight,3152
insolence,3153
insomnia,3154
inspection,3155
inspector,3156
inspiration,3157
installation,3158
instance,3159
instant,3160
instinct,3161
institute,3162
institution,3163
instruction,3164
instructor,3165
instrument,3166
instrumentalist,3167
instrumentation,3168
insulation,3169
insurance,3170
insurgence,3171
insurrection,3172
integer,3173
integral,3174
integration,3175
integrity,3176
intellect,3177
intelligence,3178
intensity,3179
intent,3180
intention,3181
intentionality,3182
interaction,3183
interchange,3184
interconnection,3185
intercourse,3186
interest,3187
interface,3188
interferometer,3189
interior,3190
interject,3191
interloper,3192
internet,3193
interpretation,3194
interpreter,3195
interval,3196
intervenor,3197
intervention,3198
interview,3199
interviewer,3200
intestine,3201
introduction,3202
intuition,3203
invader,3204
invasion,3205
invention,3206
inventor,3207
inventory,3208
inverse,3209
inversion,3210
investigation,3211
investigator,3212
investment,3213
investor,3214
invitation,3215
invite,3216
invoice,3217
involvement,3218
iridescence,3219
iris,3220
iron,3221
ironclad,3222
irony,3223
irrigation,3224
ischemia,3225
island,3226
isogloss,3227
isolation,3228
issue,3229
item,3230
itinerary,3231
ivory,3232
jack,3233
jackal,3234
jacket,3235
jackfruit,3236
jade,3237
jaguar,3238
jail,3239
jailhouse,3240
jalapeÃ±o,3241
jam,3242
jar,3243
jasmine,3244
jaw,3245
jazz,3246
jealousy,3247
jeans,3248
jeep,3249
jelly,3250
jellybeans,3251
jellyfish,3252
jerk,3253
jet,3254
jewel,3255
jeweller,3256
jewellery,3257
jewelry,3258
jicama,3259
jiffy,3260
job,3261
jockey,3262
jodhpurs,3263
joey,3264
jogging,3265
joint,3266
joke,3267
jot,3268
journal,3269
journalism,3270
journalist,3271
journey,3272
joy,3273
judge,3274
judgment,3275
judo,3276
jug,3277
juggernaut,3278
juice,3279
julienne,3280
jumbo,3281
jump,3282
jumper,3283
jumpsuit,3284
jungle,3285
junior,3286
junk,3287
junker,3288
junket,3289
jury,3290
justice,3291
justification,3292
jute,3293
kale,3294
kamikaze,3295
kangaroo,3296
karate,3297
kayak,3298
kazoo,3299
kebab,3300
keep,3301
keeper,3302
kendo,3303
kennel,3304
ketch,3305
ketchup,3306
kettle,3307
kettledrum,3308
key,3309
keyboard,3310
keyboarding,3311
keystone,3312
kick,3313
kick-off,3314
kid,3315
kidney,3316
kielbasa,3317
kill,3318
killer,3319
killing,3320
kilogram,3321
kilometer,3322
kilt,3323
kimono,3324
kinase,3325
kind,3326
kindness,3327
king,3328
kingdom,3329
kingfish,3330
kiosk,3331
kiss,3332
kit,3333
kitchen,3334
kite,3335
kitsch,3336
kitten,3337
kitty,3338
kiwi,3339
knee,3340
kneejerk,3341
knickers,3342
knife,3343
knife-edge,3344
knight,3345
knitting,3346
knock,3347
knot,3348
know-how,3349
knowledge,3350
knuckle,3351
koala,3352
kohlrabi,3353
kumquat,3354
lab,3355
label,3356
labor,3357
laboratory,3358
laborer,3359
labour,3360
labourer,3361
lace,3362
lack,3363
lacquerware,3364
lad,3365
ladder,3366
ladle,3367
lady,3368
ladybug,3369
lag,3370
lake,3371
lamb,3372
lambkin,3373
lament,3374
lamp,3375
lanai,3376
land,3377
landform,3378
landing,3379
landmine,3380
landscape,3381
lane,3382
language,3383
lantern,3384
lap,3385
laparoscope,3386
lapdog,3387
laptop,3388
larch,3389
lard,3390
larder,3391
lark,3392
larva,3393
laryngitis,3394
lasagna,3395
lashes,3396
last,3397
latency,3398
latex,3399
lathe,3400
latitude,3401
latte,3402
latter,3403
laugh,3404
laughter,3405
laundry,3406
lava,3407
law,3408
lawmaker,3409
lawn,3410
lawsuit,3411
lawyer,3412
lay,3413
layer,3414
layout,3415
lead,3416
leader,3417
leadership,3418
leading,3419
leaf,3420
league,3421
leaker,3422
leap,3423
learning,3424
leash,3425
leather,3426
leave,3427
leaver,3428
lecture,3429
leek,3430
leeway,3431
left,3432
leg,3433
legacy,3434
legal,3435
legend,3436
legging,3437
legislation,3438
legislator,3439
legislature,3440
legitimacy,3441
legume,3442
legumes,3443
leisure,3444
lemon,3445
lemonade,3446
lemur,3447
lender,3448
lending,3449
length,3450
lens,3451
lentil,3452
leopard,3453
leprosy,3454
leptocephalus,3455
lesbian,3456
lesson,3457
letter,3458
lettuce,3459
level,3460
lever,3461
leverage,3462
leveret,3463
liability,3464
liar,3465
liberty,3466
libido,3467
library,3468
licence,3469
license,3470
licensing,3471
licorice,3472
lid,3473
lie,3474
lieu,3475
lieutenant,3476
life,3477
lifestyle,3478
lifetime,3479
lift,3480
ligand,3481
light,3482
lighting,3483
lightning,3484
lightscreen,3485
ligula,3486
likelihood,3487
likeness,3488
lilac,3489
lily,3490
limb,3491
lime,3492
limestone,3493
limit,3494
limitation,3495
limo,3496
line,3497
linen,3498
liner,3499
linguist,3500
linguistics,3501
lining,3502
link,3503
linkage,3504
linseed,3505
lion,3506
lip,3507
lipid,3508
lipoprotein,3509
lipstick,3510
liquid,3511
liquidity,3512
liquor,3513
list,3514
listening,3515
listing,3516
literate,3517
literature,3518
litigation,3519
litmus,3520
litter,3521
littleneck,3522
liver,3523
livestock,3524
living,3525
lizard,3526
llama,3527
load,3528
loading,3529
loaf,3530
loafer,3531
loan,3532
lobby,3533
lobotomy,3534
lobster,3535
local,3536
locality,3537
location,3538
lock,3539
locker,3540
locket,3541
locomotive,3542
locust,3543
lode,3544
loft,3545
log,3546
loggia,3547
logic,3548
login,3549
logistics,3550
logo,3551
loincloth,3552
lollipop,3553
loneliness,3554
longboat,3555
longitude,3556
look,3557
lookout,3558
loop,3559
loophole,3560
loquat,3561
lord,3562
loss,3563
lot,3564
lotion,3565
lottery,3566
lounge,3567
louse,3568
lout,3569
love,3570
lover,3571
lox,3572
loyalty,3573
luck,3574
luggage,3575
lumber,3576
lumberman,3577
lunch,3578
luncheonette,3579
lunchmeat,3580
lunchroom,3581
lung,3582
lunge,3583
lust,3584
lute,3585
luxury,3586
lychee,3587
lycra,3588
lye,3589
lymphocyte,3590
lynx,3591
lyocell,3592
lyre,3593
lyrics,3594
lysine,3595
mRNA,3596
macadamia,3597
macaroni,3598
macaroon,3599
macaw,3600
machine,3601
machinery,3602
macrame,3603
macro,3604
macrofauna,3605
madam,3606
maelstrom,3607
maestro,3608
magazine,3609
maggot,3610
magic,3611
magnet,3612
magnitude,3613
maid,3614
maiden,3615
mail,3616
mailbox,3617
mailer,3618
mailing,3619
mailman,3620
main,3621
mainland,3622
mainstream,3623
maintainer,3624
maintenance,3625
maize,3626
major,3627
major-league,3628
majority,3629
makeover,3630
maker,3631
makeup,3632
making,3633
male,3634
malice,3635
mall,3636
mallard,3637
mallet,3638
malnutrition,3639
mama,3640
mambo,3641
mammoth,3642
man,3643
manacle,3644
management,3645
manager,3646
manatee,3647
mandarin,3648
mandate,3649
mandolin,3650
mangle,3651
mango,3652
mangrove,3653
manhunt,3654
maniac,3655
manicure,3656
manifestation,3657
manipulation,3658
mankind,3659
manner,3660
manor,3661
mansard,3662
manservant,3663
mansion,3664
mantel,3665
mantle,3666
mantua,3667
manufacturer,3668
manufacturing,3669
many,3670
map,3671
maple,3672
mapping,3673
maracas,3674
marathon,3675
marble,3676
march,3677
mare,3678
margarine,3679
margin,3680
mariachi,3681
marimba,3682
marines,3683
marionberry,3684
mark,3685
marker,3686
market,3687
marketer,3688
marketing,3689
marketplace,3690
marksman,3691
markup,3692
marmalade,3693
marriage,3694
marsh,3695
marshland,3696
marshmallow,3697
marten,3698
marxism,3699
mascara,3700
mask,3701
masonry,3702
mass,3703
massage,3704
mast,3705
master,3706
masterpiece,3707
mastication,3708
mastoid,3709
mat,3710
match,3711
matchmaker,3712
mate,3713
material,3714
maternity,3715
math,3716
mathematics,3717
matrix,3718
matter,3719
mattock,3720
mattress,3721
max,3722
maximum,3723
maybe,3724
mayonnaise,3725
mayor,3726
meadow,3727
meal,3728
mean,3729
meander,3730
meaning,3731
means,3732
meantime,3733
measles,3734
measure,3735
measurement,3736
meat,3737
meatball,3738
meatloaf,3739
mecca,3740
mechanic,3741
mechanism,3742
med,3743
medal,3744
media,3745
median,3746
medication,3747
medicine,3748
medium,3749
meet,3750
meeting,3751
melatonin,3752
melody,3753
melon,3754
member,3755
membership,3756
membrane,3757
meme,3758
memo,3759
memorial,3760
memory,3761
men,3762
menopause,3763
menorah,3764
mention,3765
mentor,3766
menu,3767
merchandise,3768
merchant,3769
mercury,3770
meridian,3771
meringue,3772
merit,3773
mesenchyme,3774
mess,3775
message,3776
messenger,3777
messy,3778
metabolite,3779
metal,3780
metallurgist,3781
metaphor,3782
meteor,3783
meteorology,3784
meter,3785
methane,3786
method,3787
methodology,3788
metric,3789
metro,3790
metronome,3791
mezzanine,3792
microlending,3793
micronutrient,3794
microphone,3795
microwave,3796
mid-course,3797
midden,3798
middle,3799
middleman,3800
midline,3801
midnight,3802
midwife,3803
might,3804
migrant,3805
migration,3806
mile,3807
mileage,3808
milepost,3809
milestone,3810
military,3811
milk,3812
milkshake,3813
mill,3814
millennium,3815
millet,3816
millimeter,3817
million,3818
millisecond,3819
millstone,3820
mime,3821
mimosa,3822
min,3823
mincemeat,3824
mind,3825
mine,3826
mineral,3827
mineshaft,3828
mini,3829
mini-skirt,3830
minibus,3831
minimalism,3832
minimum,3833
mining,3834
minion,3835
minister,3836
mink,3837
minnow,3838
minor,3839
minor-league,3840
minority,3841
mint,3842
minute,3843
miracle,3844
mirror,3845
miscarriage,3846
miscommunication,3847
misfit,3848
misnomer,3849
misogyny,3850
misplacement,3851
misreading,3852
misrepresentation,3853
miss,3854
missile,3855
mission,3856
missionary,3857
mist,3858
mistake,3859
mister,3860
misunderstand,3861
miter,3862
mitten,3863
mix,3864
mixer,3865
mixture,3866
moai,3867
moat,3868
mob,3869
mobile,3870
mobility,3871
mobster,3872
moccasins,3873
mocha,3874
mochi,3875
mode,3876
model,3877
modeling,3878
modem,3879
modernist,3880
modernity,3881
modification,3882
molar,3883
molasses,3884
molding,3885
mole,3886
molecule,3887
mom,3888
moment,3889
monastery,3890
monasticism,3891
money,3892
monger,3893
monitor,3894
monitoring,3895
monk,3896
monkey,3897
monocle,3898
monopoly,3899
monotheism,3900
monsoon,3901
monster,3902
month,3903
monument,3904
mood,3905
moody,3906
moon,3907
moonlight,3908
moonscape,3909
moonshine,3910
moose,3911
mop,3912
morale,3913
morbid,3914
morbidity,3915
morning,3916
moron,3917
morphology,3918
morsel,3919
mortal,3920
mortality,3921
mortgage,3922
mortise,3923
mosque,3924
mosquito,3925
most,3926
motel,3927
moth,3928
mother,3929
mother-in-law,3930
motion,3931
motivation,3932
motive,3933
motor,3934
motorboat,3935
motorcar,3936
motorcycle,3937
mound,3938
mountain,3939
mouse,3940
mouser,3941
mousse,3942
moustache,3943
mouth,3944
mouton,3945
movement,3946
mover,3947
movie,3948
mower,3949
mozzarella,3950
mud,3951
muffin,3952
mug,3953
mukluk,3954
mule,3955
multimedia,3956
murder,3957
muscat,3958
muscatel,3959
muscle,3960
musculature,3961
museum,3962
mushroom,3963
music,3964
music-box,3965
music-making,3966
musician,3967
muskrat,3968
mussel,3969
mustache,3970
mustard,3971
mutation,3972
mutt,3973
mutton,3974
mycoplasma,3975
mystery,3976
myth,3977
mythology,3978
nail,3979
name,3980
naming,3981
nanoparticle,3982
napkin,3983
narrative,3984
nasal,3985
nation,3986
nationality,3987
native,3988
naturalisation,3989
nature,3990
navigation,3991
necessity,3992
neck,3993
necklace,3994
necktie,3995
nectar,3996
nectarine,3997
need,3998
needle,3999
neglect,4000
negligee,4001
negotiation,4002
neighbor,4003
neighborhood,4004
neighbour,4005
neighbourhood,4006
neologism,4007
neon,4008
neonate,4009
nephew,4010
nerve,4011
nest,4012
nestling,4013
nestmate,4014
net,4015
netball,4016
netbook,4017
netsuke,4018
network,4019
networking,4020
neurobiologist,4021
neuron,4022
neuropathologist,4023
neuropsychiatry,4024
news,4025
newsletter,4026
newspaper,4027
newsprint,4028
newsstand,4029
nexus,4030
nibble,4031
nicety,4032
niche,4033
nick,4034
nickel,4035
nickname,4036
niece,4037
night,4038
nightclub,4039
nightgown,4040
nightingale,4041
nightlife,4042
nightlight,4043
nightmare,4044
ninja,4045
nit,4046
nitrogen,4047
nobody,4048
nod,4049
node,4050
noir,4051
noise,4052
nonbeliever,4053
nonconformist,4054
nondisclosure,4055
nonsense,4056
noodle,4057
noodles,4058
noon,4059
norm,4060
normal,4061
normalisation,4062
normalization,4063
north,4064
nose,4065
notation,4066
note,4067
notebook,4068
nothing,4069
notice,4070
notion,4071
notoriety,4072
nougat,4073
noun,4074
nourishment,4075
novel,4076
nucleotidase,4077
nucleotide,4078
nudge,4079
nuke,4080
number,4081
numeracy,4082
numeric,4083
numismatist,4084
nun,4085
nurse,4086
nursery,4087
nursing,4088
nurture,4089
nut,4090
nutmeg,4091
nutrient,4092
nutrition,4093
nylon,4094
nymph,4095
oak,4096
oar,4097
oasis,4098
oat,4099
oatmeal,4100
oats,4101
obedience,4102
obesity,4103
obi,4104
object,4105
objection,4106
objective,4107
obligation,4108
oboe,4109
observation,4110
observatory,4111
obsession,4112
obsidian,4113
obstacle,4114
occasion,4115
occupation,4116
occurrence,4117
ocean,4118
ocelot,4119
octagon,4120
octave,4121
octavo,4122
octet,4123
octopus,4124
odometer,4125
odyssey,4126
oeuvre,4127
off-ramp,4128
offence,4129
offense,4130
offer,4131
offering,4132
office,4133
officer,4134
official,4135
offset,4136
oil,4137
okra,4138
oldie,4139
oleo,4140
olive,4141
omega,4142
omelet,4143
omission,4144
omnivore,4145
oncology,4146
onion,4147
online,4148
onset,4149
opening,4150
opera,4151
operating,4152
operation,4153
operator,4154
ophthalmologist,4155
opinion,4156
opium,4157
opossum,4158
opponent,4159
opportunist,4160
opportunity,4161
opposite,4162
opposition,4163
optimal,4164
optimisation,4165
optimist,4166
optimization,4167
option,4168
orange,4169
orangutan,4170
orator,4171
orchard,4172
orchestra,4173
orchid,4174
order,4175
ordinary,4176
ordination,4177
ore,4178
oregano,4179
organ,4180
organisation,4181
organising,4182
organization,4183
organizing,4184
orient,4185
orientation,4186
origin,4187
original,4188
originality,4189
ornament,4190
osmosis,4191
osprey,4192
ostrich,4193
other,4194
otter,4195
ottoman,4196
ounce,4197
outback,4198
outcome,4199
outfielder,4200
outfit,4201
outhouse,4202
outlaw,4203
outlay,4204
outlet,4205
outline,4206
outlook,4207
output,4208
outrage,4209
outrigger,4210
outrun,4211
outset,4212
outside,4213
oval,4214
ovary,4215
oven,4216
overcharge,4217
overclocking,4218
overcoat,4219
overexertion,4220
overflight,4221
overhead,4222
overheard,4223
overload,4224
overnighter,4225
overshoot,4226
oversight,4227
overview,4228
overweight,4229
owl,4230
owner,4231
ownership,4232
ox,4233
oxford,4234
oxygen,4235
oyster,4236
ozone,4237
pace,4238
pacemaker,4239
pack,4240
package,4241
packaging,4242
packet,4243
pad,4244
paddle,4245
paddock,4246
pagan,4247
page,4248
pagoda,4249
pail,4250
pain,4251
paint,4252
painter,4253
painting,4254
paintwork,4255
pair,4256
pajamas,4257
palace,4258
palate,4259
palm,4260
pamphlet,4261
pan,4262
pancake,4263
pancreas,4264
panda,4265
panel,4266
panic,4267
pannier,4268
panpipe,4269
pansy,4270
panther,4271
panties,4272
pantologist,4273
pantology,4274
pantry,4275
pants,4276
pantsuit,4277
panty,4278
pantyhose,4279
papa,4280
papaya,4281
paper,4282
paperback,4283
paperwork,4284
parable,4285
parachute,4286
parade,4287
paradise,4288
paragraph,4289
parallelogram,4290
paramecium,4291
paramedic,4292
parameter,4293
paranoia,4294
parcel,4295
parchment,4296
pard,4297
pardon,4298
parent,4299
parenthesis,4300
parenting,4301
park,4302
parka,4303
parking,4304
parliament,4305
parole,4306
parrot,4307
parser,4308
parsley,4309
parsnip,4310
part,4311
participant,4312
participation,4313
particle,4314
particular,4315
partner,4316
partnership,4317
partridge,4318
party,4319
pass,4320
passage,4321
passbook,4322
passenger,4323
passing,4324
passion,4325
passive,4326
passport,4327
password,4328
past,4329
pasta,4330
paste,4331
pastor,4332
pastoralist,4333
pastry,4334
pasture,4335
pat,4336
patch,4337
pate,4338
patent,4339
patentee,4340
path,4341
pathogenesis,4342
pathology,4343
pathway,4344
patience,4345
patient,4346
patina,4347
patio,4348
patriarch,4349
patrimony,4350
patriot,4351
patrol,4352
patroller,4353
patrolling,4354
patron,4355
pattern,4356
patty,4357
pattypan,4358
pause,4359
pavement,4360
pavilion,4361
paw,4362
pawnshop,4363
pay,4364
payee,4365
payment,4366
payoff,4367
pea,4368
peace,4369
peach,4370
peacoat,4371
peacock,4372
peak,4373
peanut,4374
pear,4375
pearl,4376
peasant,4377
pecan,4378
pecker,4379
pedal,4380
peek,4381
peen,4382
peer,4383
peer-to-peer,4384
pegboard,4385
pelican,4386
pelt,4387
pen,4388
penalty,4389
pence,4390
pencil,4391
pendant,4392
pendulum,4393
penguin,4394
penicillin,4395
peninsula,4396
penis,4397
pennant,4398
penny,4399
pension,4400
pentagon,4401
peony,4402
people,4403
pepper,4404
pepperoni,4405
percent,4406
percentage,4407
perception,4408
perch,4409
perennial,4410
perfection,4411
performance,4412
perfume,4413
period,4414
periodical,4415
peripheral,4416
permafrost,4417
permission,4418
permit,4419
perp,4420
perpendicular,4421
persimmon,4422
person,4423
personal,4424
personality,4425
personnel,4426
perspective,4427
pest,4428
pet,4429
petal,4430
petition,4431
petitioner,4432
petticoat,4433
pew,4434
pharmacist,4435
pharmacopoeia,4436
phase,4437
pheasant,4438
phenomenon,4439
phenotype,4440
pheromone,4441
philanthropy,4442
philosopher,4443
philosophy,4444
phone,4445
phosphate,4446
photo,4447
photodiode,4448
photograph,4449
photographer,4450
photography,4451
photoreceptor,4452
phrase,4453
phrasing,4454
physical,4455
physics,4456
physiology,4457
pianist,4458
piano,4459
piccolo,4460
pick,4461
pickax,4462
pickaxe,4463
picket,4464
pickle,4465
pickup,4466
picnic,4467
picture,4468
picturesque,4469
pie,4470
piece,4471
pier,4472
piety,4473
pig,4474
pigeon,4475
piglet,4476
pigpen,4477
pigsty,4478
pike,4479
pilaf,4480
pile,4481
pilgrim,4482
pilgrimage,4483
pill,4484
pillar,4485
pillbox,4486
pillow,4487
pilot,4488
pimp,4489
pimple,4490
pin,4491
pinafore,4492
pince-nez,4493
pine,4494
pineapple,4495
pinecone,4496
ping,4497
pink,4498
pinkie,4499
pinot,4500
pinstripe,4501
pint,4502
pinto,4503
pinworm,4504
pioneer,4505
pipe,4506
pipeline,4507
piracy,4508
pirate,4509
piss,4510
pistol,4511
pit,4512
pita,4513
pitch,4514
pitcher,4515
pitching,4516
pith,4517
pizza,4518
place,4519
placebo,4520
placement,4521
placode,4522
plagiarism,4523
plain,4524
plaintiff,4525
plan,4526
plane,4527
planet,4528
planning,4529
plant,4530
plantation,4531
planter,4532
planula,4533
plaster,4534
plasterboard,4535
plastic,4536
plate,4537
platelet,4538
platform,4539
platinum,4540
platter,4541
platypus,4542
play,4543
player,4544
playground,4545
playroom,4546
playwright,4547
plea,4548
pleasure,4549
pleat,4550
pledge,4551
plenty,4552
plier,4553
pliers,4554
plight,4555
plot,4556
plough,4557
plover,4558
plow,4559
plowman,4560
plug,4561
plugin,4562
plum,4563
plumber,4564
plume,4565
plunger,4566
plywood,4567
pneumonia,4568
pocket,4569
pocket-watch,4570
pocketbook,4571
pod,4572
podcast,4573
poem,4574
poet,4575
poetry,4576
poignance,4577
point,4578
poison,4579
poisoning,4580
poker,4581
polarisation,4582
polarization,4583
pole,4584
polenta,4585
police,4586
policeman,4587
policy,4588
polish,4589
politician,4590
politics,4591
poll,4592
polliwog,4593
pollutant,4594
pollution,4595
polo,4596
polyester,4597
polyp,4598
pomegranate,4599
pomelo,4600
pompom,4601
poncho,4602
pond,4603
pony,4604
pool,4605
poor,4606
pop,4607
popcorn,4608
poppy,4609
popsicle,4610
popularity,4611
population,4612
populist,4613
porcelain,4614
porch,4615
porcupine,4616
pork,4617
porpoise,4618
port,4619
porter,4620
portfolio,4621
porthole,4622
portion,4623
portrait,4624
position,4625
possession,4626
possibility,4627
possible,4628
post,4629
postage,4630
postbox,4631
poster,4632
posterior,4633
postfix,4634
pot,4635
potato,4636
potential,4637
pottery,4638
potty,4639
pouch,4640
poultry,4641
pound,4642
pounding,4643
poverty,4644
powder,4645
power,4646
practice,4647
practitioner,4648
prairie,4649
praise,4650
pray,4651
prayer,4652
precedence,4653
precedent,4654
precipitation,4655
precision,4656
predecessor,4657
preface,4658
preference,4659
prefix,4660
pregnancy,4661
prejudice,4662
prelude,4663
premeditation,4664
premier,4665
premise,4666
premium,4667
preoccupation,4668
preparation,4669
prescription,4670
presence,4671
present,4672
presentation,4673
preservation,4674
preserves,4675
presidency,4676
president,4677
press,4678
pressroom,4679
pressure,4680
pressurisation,4681
pressurization,4682
prestige,4683
presume,4684
pretzel,4685
prevalence,4686
prevention,4687
prey,4688
price,4689
pricing,4690
pride,4691
priest,4692
priesthood,4693
primary,4694
primate,4695
prince,4696
princess,4697
principal,4698
principle,4699
print,4700
printer,4701
printing,4702
prior,4703
priority,4704
prison,4705
prisoner,4706
privacy,4707
private,4708
privilege,4709
prize,4710
prizefight,4711
probability,4712
probation,4713
probe,4714
problem,4715
procedure,4716
proceedings,4717
process,4718
processing,4719
processor,4720
proctor,4721
procurement,4722
produce,4723
producer,4724
product,4725
production,4726
productivity,4727
profession,4728
professional,4729
professor,4730
profile,4731
profit,4732
progenitor,4733
program,4734
programme,4735
programming,4736
progress,4737
progression,4738
prohibition,4739
project,4740
proliferation,4741
promenade,4742
promise,4743
promotion,4744
prompt,4745
pronoun,4746
pronunciation,4747
proof,4748
proof-reader,4749
propaganda,4750
propane,4751
property,4752
prophet,4753
proponent,4754
proportion,4755
proposal,4756
proposition,4757
proprietor,4758
prose,4759
prosecution,4760
prosecutor,4761
prospect,4762
prosperity,4763
prostacyclin,4764
prostanoid,4765
prostrate,4766
protection,4767
protein,4768
protest,4769
protocol,4770
providence,4771
provider,4772
province,4773
provision,4774
prow,4775
proximal,4776
proximity,4777
prune,4778
pruner,4779
pseudocode,4780
pseudoscience,4781
psychiatrist,4782
psychoanalyst,4783
psychologist,4784
psychology,4785
ptarmigan,4786
pub,4787
public,4788
publication,4789
publicity,4790
publisher,4791
publishing,4792
pudding,4793
puddle,4794
puffin,4795
pug,4796
puggle,4797
pulley,4798
pulse,4799
puma,4800
pump,4801
pumpernickel,4802
pumpkin,4803
pumpkinseed,4804
pun,4805
punch,4806
punctuation,4807
punishment,4808
pup,4809
pupa,4810
pupil,4811
puppet,4812
puppy,4813
purchase,4814
puritan,4815
purity,4816
purple,4817
purpose,4818
purr,4819
purse,4820
pursuit,4821
push,4822
pusher,4823
put,4824
puzzle,4825
pyramid,4826
pyridine,4827
quadrant,4828
quail,4829
qualification,4830
quality,4831
quantity,4832
quart,4833
quarter,4834
quartet,4835
quartz,4836
queen,4837
query,4838
quest,4839
question,4840
questioner,4841
questionnaire,4842
quiche,4843
quicksand,4844
quiet,4845
quill,4846
quilt,4847
quince,4848
quinoa,4849
quit,4850
quiver,4851
quota,4852
quotation,4853
quote,4854
rabbi,4855
rabbit,4856
raccoon,4857
race,4858
racer,4859
racing,4860
racism,4861
racist,4862
rack,4863
radar,4864
radiator,4865
radio,4866
radiosonde,4867
radish,4868
raffle,4869
raft,4870
rag,4871
rage,4872
raid,4873
rail,4874
railing,4875
railroad,4876
railway,4877
raiment,4878
rain,4879
rainbow,4880
raincoat,4881
rainmaker,4882
rainstorm,4883
rainy,4884
raise,4885
raisin,4886
rake,4887
rally,4888
ram,4889
rambler,4890
ramen,4891
ramie,4892
ranch,4893
rancher,4894
randomisation,4895
randomization,4896
range,4897
ranger,4898
rank,4899
rap,4900
rape,4901
raspberry,4902
rat,4903
rate,4904
ratepayer,4905
rating,4906
ratio,4907
rationale,4908
rations,4909
raven,4910
ravioli,4911
rawhide,4912
ray,4913
rayon,4914
razor,4915
reach,4916
reactant,4917
reaction,4918
read,4919
reader,4920
readiness,4921
reading,4922
real,4923
reality,4924
realization,4925
realm,4926
reamer,4927
rear,4928
reason,4929
reasoning,4930
rebel,4931
rebellion,4932
reboot,4933
recall,4934
recapitulation,4935
receipt,4936
receiver,4937
reception,4938
receptor,4939
recess,4940
recession,4941
recipe,4942
recipient,4943
reciprocity,4944
reclamation,4945
recliner,4946
recognition,4947
recollection,4948
recommendation,4949
reconsideration,4950
record,4951
recorder,4952
recording,4953
recovery,4954
recreation,4955
recruit,4956
rectangle,4957
red,4958
redesign,4959
redhead,4960
redirect,4961
rediscovery,4962
reduction,4963
reef,4964
refectory,4965
reference,4966
referendum,4967
reflection,4968
reform,4969
refreshments,4970
refrigerator,4971
refuge,4972
refund,4973
refusal,4974
refuse,4975
regard,4976
regime,4977
region,4978
regionalism,4979
register,4980
registration,4981
registry,4982
regret,4983
regulation,4984
regulator,4985
rehospitalisation,4986
rehospitalization,4987
reindeer,4988
reinscription,4989
reject,4990
relation,4991
relationship,4992
relative,4993
relaxation,4994
relay,4995
release,4996
reliability,4997
relief,4998
religion,4999
relish,5000
reluctance,5001
remains,5002
remark,5003
reminder,5004
remnant,5005
remote,5006
removal,5007
renaissance,5008
rent,5009
reorganisation,5010
reorganization,5011
repair,5012
reparation,5013
repayment,5014
repeat,5015
replacement,5016
replica,5017
replication,5018
reply,5019
report,5020
reporter,5021
reporting,5022
repository,5023
representation,5024
representative,5025
reprocessing,5026
republic,5027
republican,5028
reputation,5029
request,5030
requirement,5031
resale,5032
rescue,5033
research,5034
researcher,5035
resemblance,5036
reservation,5037
reserve,5038
reservoir,5039
reset,5040
residence,5041
resident,5042
residue,5043
resist,5044
resistance,5045
resolution,5046
resolve,5047
resort,5048
resource,5049
respect,5050
respite,5051
response,5052
responsibility,5053
rest,5054
restaurant,5055
restoration,5056
restriction,5057
restroom,5058
restructuring,5059
result,5060
resume,5061
retailer,5062
retention,5063
rethinking,5064
retina,5065
retirement,5066
retouching,5067
retreat,5068
retrospect,5069
retrospective,5070
retrospectivity,5071
return,5072
reunion,5073
revascularisation,5074
revascularization,5075
reveal,5076
revelation,5077
revenant,5078
revenge,5079
revenue,5080
reversal,5081
reverse,5082
review,5083
revitalisation,5084
revitalization,5085
revival,5086
revolution,5087
revolver,5088
reward,5089
rhetoric,5090
rheumatism,5091
rhinoceros,5092
rhubarb,5093
rhyme,5094
rhythm,5095
rib,5096
ribbon,5097
rice,5098
riddle,5099
ride,5100
rider,5101
ridge,5102
riding,5103
rifle,5104
right,5105
rim,5106
ring,5107
ringworm,5108
riot,5109
rip,5110
ripple,5111
rise,5112
riser,5113
risk,5114
rite,5115
ritual,5116
river,5117
riverbed,5118
rivulet,5119
road,5120
roadway,5121
roar,5122
roast,5123
robe,5124
robin,5125
robot,5126
robotics,5127
rock,5128
rocker,5129
rocket,5130
rocket-ship,5131
rod,5132
role,5133
roll,5134
roller,5135
romaine,5136
romance,5137
roof,5138
room,5139
roommate,5140
rooster,5141
root,5142
rope,5143
rose,5144
rosemary,5145
roster,5146
rostrum,5147
rotation,5148
round,5149
roundabout,5150
route,5151
router,5152
routine,5153
row,5154
rowboat,5155
rowing,5156
rubber,5157
rubbish,5158
rubric,5159
ruby,5160
ruckus,5161
rudiment,5162
ruffle,5163
rugby,5164
ruin,5165
rule,5166
ruler,5167
ruling,5168
rum,5169
rumor,5170
run,5171
runaway,5172
runner,5173
running,5174
runway,5175
rush,5176
rust,5177
rutabaga,5178
rye,5179
sabre,5180
sac,5181
sack,5182
saddle,5183
sadness,5184
safari,5185
safe,5186
safeguard,5187
safety,5188
saffron,5189
sage,5190
sail,5191
sailboat,5192
sailing,5193
sailor,5194
saint,5195
sake,5196
salad,5197
salami,5198
salary,5199
sale,5200
salesman,5201
salmon,5202
salon,5203
saloon,5204
salsa,5205
salt,5206
salute,5207
samovar,5208
sampan,5209
sample,5210
samurai,5211
sanction,5212
sanctity,5213
sanctuary,5214
sand,5215
sandal,5216
sandbar,5217
sandwich,5218
sanity,5219
sardine,5220
sari,5221
sarong,5222
sash,5223
satellite,5224
satin,5225
satire,5226
satisfaction,5227
sauce,5228
saucer,5229
sauerkraut,5230
sausage,5231
savage,5232
savannah,5233
saving,5234
savings,5235
savior,5236
saviour,5237
savory,5238
saw,5239
saxophone,5240
scaffold,5241
scale,5242
scallion,5243
scallops,5244
scalp,5245
scam,5246
scanner,5247
scarecrow,5248
scarf,5249
scarification,5250
scenario,5251
scene,5252
scenery,5253
scent,5254
schedule,5255
scheduling,5256
schema,5257
scheme,5258
schizophrenic,5259
schnitzel,5260
scholar,5261
scholarship,5262
school,5263
schoolhouse,5264
schooner,5265
science,5266
scientist,5267
scimitar,5268
scissors,5269
scooter,5270
scope,5271
score,5272
scorn,5273
scorpion,5274
scout,5275
scow,5276
scrambled,5277
scrap,5278
scraper,5279
scratch,5280
screamer,5281
screen,5282
screening,5283
screenwriting,5284
screw,5285
screw-up,5286
screwdriver,5287
scrim,5288
scrip,5289
script,5290
scripture,5291
scrutiny,5292
sculpting,5293
sculptural,5294
sculpture,5295
sea,5296
seabass,5297
seafood,5298
seagull,5299
seal,5300
seaplane,5301
search,5302
seashore,5303
seaside,5304
season,5305
seat,5306
seaweed,5307
second,5308
secrecy,5309
secret,5310
secretariat,5311
secretary,5312
secretion,5313
section,5314
sectional,5315
sector,5316
security,5317
sediment,5318
seed,5319
seeder,5320
seeker,5321
seep,5322
segment,5323
seizure,5324
selection,5325
self,5326
self-confidence,5327
self-control,5328
self-esteem,5329
seller,5330
selling,5331
semantics,5332
semester,5333
semicircle,5334
semicolon,5335
semiconductor,5336
seminar,5337
senate,5338
senator,5339
sender,5340
senior,5341
sense,5342
sensibility,5343
sensitive,5344
sensitivity,5345
sensor,5346
sentence,5347
sentencing,5348
sentiment,5349
sepal,5350
separation,5351
septicaemia,5352
sequel,5353
sequence,5354
serial,5355
series,5356
sermon,5357
serum,5358
serval,5359
servant,5360
server,5361
service,5362
servitude,5363
sesame,5364
session,5365
set,5366
setback,5367
setting,5368
settlement,5369
settler,5370
severity,5371
sewer,5372
sex,5373
sexuality,5374
shack,5375
shackle,5376
shade,5377
shadow,5378
shadowbox,5379
shakedown,5380
shaker,5381
shallot,5382
shallows,5383
shame,5384
shampoo,5385
shanty,5386
shape,5387
share,5388
shareholder,5389
shark,5390
shaw,5391
shawl,5392
shear,5393
shearling,5394
sheath,5395
shed,5396
sheep,5397
sheet,5398
shelf,5399
shell,5400
shelter,5401
sherbet,5402
sherry,5403
shield,5404
shift,5405
shin,5406
shine,5407
shingle,5408
ship,5409
shipper,5410
shipping,5411
shipyard,5412
shirt,5413
shirtdress,5414
shit,5415
shoat,5416
shock,5417
shoe,5418
shoe-horn,5419
shoehorn,5420
shoelace,5421
shoemaker,5422
shoestring,5423
shofar,5424
shoot,5425
shootdown,5426
shop,5427
shopper,5428
shopping,5429
shore,5430
shoreline,5431
short,5432
shortage,5433
shorts,5434
shortwave,5435
shot,5436
shoulder,5437
shout,5438
shovel,5439
show,5440
show-stopper,5441
shower,5442
shred,5443
shrimp,5444
shrine,5445
shutdown,5446
sibling,5447
sick,5448
sickness,5449
side,5450
sideboard,5451
sideburns,5452
sidecar,5453
sidestream,5454
sidewalk,5455
siding,5456
siege,5457
sigh,5458
sight,5459
sightseeing,5460
sign,5461
signal,5462
signature,5463
signet,5464
significance,5465
signify,5466
signup,5467
silence,5468
silica,5469
silicon,5470
silk,5471
silkworm,5472
sill,5473
silly,5474
silo,5475
silver,5476
similarity,5477
simple,5478
simplicity,5479
simplification,5480
simvastatin,5481
sin,5482
singer,5483
singing,5484
singular,5485
sink,5486
sinuosity,5487
sip,5488
sir,5489
sister,5490
sister-in-law,5491
sitar,5492
site,5493
situation,5494
size,5495
skate,5496
skating,5497
skean,5498
skeleton,5499
ski,5500
skiing,5501
skill,5502
skin,5503
skirt,5504
skull,5505
skullcap,5506
skullduggery,5507
skunk,5508
sky,5509
skylight,5510
skyline,5511
skyscraper,5512
skywalk,5513
slang,5514
slapstick,5515
slash,5516
slate,5517
slave,5518
slavery,5519
slaw,5520
sled,5521
sledge,5522
sleep,5523
sleepiness,5524
sleeping,5525
sleet,5526
sleuth,5527
slice,5528
slide,5529
slider,5530
slime,5531
slip,5532
slipper,5533
slippers,5534
slope,5535
slot,5536
sloth,5537
slump,5538
smell,5539
smelting,5540
smile,5541
smith,5542
smock,5543
smog,5544
smoke,5545
smoking,5546
smolt,5547
smuggling,5548
snack,5549
snail,5550
snake,5551
snakebite,5552
snap,5553
snarl,5554
sneaker,5555
sneakers,5556
sneeze,5557
sniffle,5558
snob,5559
snorer,5560
snow,5561
snowboarding,5562
snowflake,5563
snowman,5564
snowmobiling,5565
snowplow,5566
snowstorm,5567
snowsuit,5568
snuck,5569
snug,5570
snuggle,5571
soap,5572
soccer,5573
socialism,5574
socialist,5575
society,5576
sociology,5577
sock,5578
socks,5579
soda,5580
sofa,5581
softball,5582
softdrink,5583
softening,5584
software,5585
soil,5586
soldier,5587
sole,5588
solicitation,5589
solicitor,5590
solidarity,5591
solidity,5592
soliloquy,5593
solitaire,5594
solution,5595
solvency,5596
sombrero,5597
somebody,5598
someone,5599
someplace,5600
somersault,5601
something,5602
somewhere,5603
son,5604
sonar,5605
sonata,5606
song,5607
songbird,5608
sonnet,5609
soot,5610
sophomore,5611
soprano,5612
sorbet,5613
sorghum,5614
sorrel,5615
sorrow,5616
sort,5617
soul,5618
soulmate,5619
sound,5620
soundness,5621
soup,5622
source,5623
sourwood,5624
sousaphone,5625
south,5626
southeast,5627
souvenir,5628
sovereignty,5629
sow,5630
soy,5631
soybean,5632
space,5633
spacing,5634
spade,5635
spaghetti,5636
span,5637
spandex,5638
spank,5639
sparerib,5640
spark,5641
sparrow,5642
spasm,5643
spat,5644
spatula,5645
spawn,5646
speaker,5647
speakerphone,5648
speaking,5649
spear,5650
spec,5651
special,5652
specialist,5653
specialty,5654
species,5655
specification,5656
spectacle,5657
spectacles,5658
spectrograph,5659
spectrum,5660
speculation,5661
speech,5662
speed,5663
speedboat,5664
spell,5665
spelling,5666
spelt,5667
spending,5668
sphere,5669
sphynx,5670
spice,5671
spider,5672
spiderling,5673
spike,5674
spill,5675
spinach,5676
spine,5677
spiral,5678
spirit,5679
spiritual,5680
spirituality,5681
spit,5682
spite,5683
spleen,5684
splendor,5685
split,5686
spokesman,5687
spokeswoman,5688
sponge,5689
sponsor,5690
sponsorship,5691
spool,5692
spoon,5693
spork,5694
sport,5695
sportsman,5696
spot,5697
spotlight,5698
spouse,5699
sprag,5700
sprat,5701
spray,5702
spread,5703
spreadsheet,5704
spree,5705
spring,5706
sprinkles,5707
sprinter,5708
sprout,5709
spruce,5710
spud,5711
spume,5712
spur,5713
spy,5714
spyglass,5715
square,5716
squash,5717
squatter,5718
squeegee,5719
squid,5720
squirrel,5721
stab,5722
stability,5723
stable,5724
stack,5725
stacking,5726
stadium,5727
staff,5728
stag,5729
stage,5730
stain,5731
stair,5732
staircase,5733
stake,5734
stalk,5735
stall,5736
stallion,5737
stamen,5738
stamina,5739
stamp,5740
stance,5741
stand,5742
standard,5743
standardisation,5744
standardization,5745
standing,5746
standoff,5747
standpoint,5748
star,5749
starboard,5750
start,5751
starter,5752
state,5753
statement,5754
statin,5755
station,5756
station-wagon,5757
statistic,5758
statistics,5759
statue,5760
status,5761
statute,5762
stay,5763
steak,5764
stealth,5765
steam,5766
steamroller,5767
steel,5768
steeple,5769
stem,5770
stench,5771
stencil,5772
step,5773
step-aunt,5774
step-brother,5775
step-daughter,5776
step-father,5777
step-grandfather,5778
step-grandmother,5779
step-mother,5780
step-sister,5781
step-son,5782
step-uncle,5783
stepdaughter,5784
stepmother,5785
stepping-stone,5786
stepson,5787
stereo,5788
stew,5789
steward,5790
stick,5791
sticker,5792
stiletto,5793
still,5794
stimulation,5795
stimulus,5796
sting,5797
stinger,5798
stir-fry,5799
stitch,5800
stitcher,5801
stock,5802
stock-in-trade,5803
stockings,5804
stole,5805
stomach,5806
stone,5807
stonework,5808
stool,5809
stop,5810
stopsign,5811
stopwatch,5812
storage,5813
store,5814
storey,5815
storm,5816
story,5817
story-telling,5818
storyboard,5819
stot,5820
stove,5821
strait,5822
strand,5823
stranger,5824
strap,5825
strategy,5826
straw,5827
strawberry,5828
strawman,5829
stream,5830
street,5831
streetcar,5832
strength,5833
stress,5834
stretch,5835
strife,5836
strike,5837
string,5838
strip,5839
stripe,5840
strobe,5841
stroke,5842
structure,5843
strudel,5844
struggle,5845
stucco,5846
stud,5847
student,5848
studio,5849
study,5850
stuff,5851
stumbling,5852
stump,5853
stupidity,5854
sturgeon,5855
sty,5856
style,5857
styling,5858
stylus,5859
sub,5860
subcomponent,5861
subconscious,5862
subcontractor,5863
subexpression,5864
subgroup,5865
subject,5866
submarine,5867
submitter,5868
subprime,5869
subroutine,5870
subscription,5871
subsection,5872
subset,5873
subsidence,5874
subsidiary,5875
subsidy,5876
substance,5877
substitution,5878
subtitle,5879
suburb,5880
subway,5881
success,5882
succotash,5883
suck,5884
sucker,5885
suede,5886
suet,5887
suffocation,5888
sugar,5889
suggestion,5890
suicide,5891
suit,5892
suitcase,5893
suite,5894
sulfur,5895
sultan,5896
sum,5897
summary,5898
summer,5899
summit,5900
sun,5901
sunbeam,5902
sunbonnet,5903
sundae,5904
sunday,5905
sundial,5906
sunflower,5907
sunglasses,5908
sunlamp,5909
sunlight,5910
sunrise,5911
sunroom,5912
sunset,5913
sunshine,5914
superiority,5915
supermarket,5916
supernatural,5917
supervision,5918
supervisor,5919
supper,5920
supplement,5921
supplier,5922
supply,5923
support,5924
supporter,5925
suppression,5926
supreme,5927
surface,5928
surfboard,5929
surge,5930
surgeon,5931
surgery,5932
surname,5933
surplus,5934
surprise,5935
surround,5936
surroundings,5937
surrounds,5938
survey,5939
survival,5940
survivor,5941
sushi,5942
suspect,5943
suspenders,5944
suspension,5945
sustainment,5946
sustenance,5947
swallow,5948
swamp,5949
swan,5950
swanling,5951
swath,5952
sweat,5953
sweater,5954
sweatshirt,5955
sweatshop,5956
sweatsuit,5957
sweets,5958
swell,5959
swim,5960
swimming,5961
swimsuit,5962
swine,5963
swing,5964
switch,5965
switchboard,5966
switching,5967
swivel,5968
sword,5969
swordfight,5970
swordfish,5971
sycamore,5972
symbol,5973
symmetry,5974
sympathy,5975
symptom,5976
syndicate,5977
syndrome,5978
synergy,5979
synod,5980
synonym,5981
synthesis,5982
syrup,5983
system,5984
t-shirt,5985
tab,5986
tabby,5987
tabernacle,5988
table,5989
tablecloth,5990
tablet,5991
tabletop,5992
tachometer,5993
tackle,5994
taco,5995
tactics,5996
tactile,5997
tadpole,5998
tag,5999
tail,6000
tailbud,6001
tailor,6002
tailspin,6003
take-out,6004
takeover,6005
tale,6006
talent,6007
talk,6008
talking,6009
tam-o'-shanter,6010
tamale,6011
tambour,6012
tambourine,6013
tan,6014
tandem,6015
tangerine,6016
tank,6017
tank-top,6018
tanker,6019
tankful,6020
tap,6021
tape,6022
tapioca,6023
target,6024
taro,6025
tarragon,6026
tart,6027
task,6028
tassel,6029
taste,6030
tatami,6031
tattler,6032
tattoo,6033
tavern,6034
tax,6035
taxi,6036
taxicab,6037
taxpayer,6038
tea,6039
teacher,6040
teaching,6041
team,6042
teammate,6043
teapot,6044
tear,6045
tech,6046
technician,6047
technique,6048
technologist,6049
technology,6050
tectonics,6051
teen,6052
teenager,6053
teepee,6054
telephone,6055
telescreen,6056
teletype,6057
television,6058
tell,6059
teller,6060
temp,6061
temper,6062
temperature,6063
temple,6064
tempo,6065
temporariness,6066
temporary,6067
temptation,6068
temptress,6069
tenant,6070
tendency,6071
tender,6072
tenement,6073
tenet,6074
tennis,6075
tenor,6076
tension,6077
tensor,6078
tent,6079
tentacle,6080
tenth,6081
tepee,6082
teriyaki,6083
term,6084
terminal,6085
termination,6086
terminology,6087
termite,6088
terrace,6089
terracotta,6090
terrapin,6091
terrarium,6092
territory,6093
terror,6094
terrorism,6095
terrorist,6096
test,6097
testament,6098
testimonial,6099
testimony,6100
testing,6101
text,6102
textbook,6103
textual,6104
texture,6105
thanks,6106
thaw,6107
theater,6108
theft,6109
theism,6110
theme,6111
theology,6112
theory,6113
therapist,6114
therapy,6115
thermals,6116
thermometer,6117
thesis,6118
thickness,6119
thief,6120
thigh,6121
thing,6122
thinking,6123
thirst,6124
thistle,6125
thong,6126
thongs,6127
thorn,6128
thought,6129
thousand,6130
thread,6131
threat,6132
threshold,6133
thrift,6134
thrill,6135
throat,6136
throne,6137
thrush,6138
thrust,6139
thug,6140
thumb,6141
thump,6142
thunder,6143
thunderbolt,6144
thunderhead,6145
thunderstorm,6146
thyme,6147
tiara,6148
tic,6149
tick,6150
ticket,6151
tide,6152
tie,6153
tiger,6154
tights,6155
tile,6156
till,6157
tilt,6158
timbale,6159
timber,6160
time,6161
timeline,6162
timeout,6163
timer,6164
timetable,6165
timing,6166
timpani,6167
tin,6168
tinderbox,6169
tinkle,6170
tintype,6171
tip,6172
tire,6173
tissue,6174
titanium,6175
title,6176
toad,6177
toast,6178
toaster,6179
tobacco,6180
today,6181
toe,6182
toenail,6183
toffee,6184
tofu,6185
tog,6186
toga,6187
toilet,6188
tolerance,6189
tolerant,6190
toll,6191
tom-tom,6192
tomatillo,6193
tomato,6194
tomb,6195
tomography,6196
tomorrow,6197
ton,6198
tonality,6199
tone,6200
tongue,6201
tonic,6202
tonight,6203
tool,6204
toot,6205
tooth,6206
toothbrush,6207
toothpaste,6208
toothpick,6209
top,6210
top-hat,6211
topic,6212
topsail,6213
toque,6214
toreador,6215
tornado,6216
torso,6217
torte,6218
tortellini,6219
tortilla,6220
tortoise,6221
tosser,6222
total,6223
tote,6224
touch,6225
tough-guy,6226
tour,6227
tourism,6228
tourist,6229
tournament,6230
tow-truck,6231
towel,6232
tower,6233
town,6234
townhouse,6235
township,6236
toy,6237
trace,6238
trachoma,6239
track,6240
tracking,6241
tracksuit,6242
tract,6243
tractor,6244
trade,6245
trader,6246
trading,6247
tradition,6248
traditionalism,6249
traffic,6250
trafficker,6251
tragedy,6252
trail,6253
trailer,6254
trailpatrol,6255
train,6256
trainer,6257
training,6258
trait,6259
tram,6260
tramp,6261
trance,6262
transaction,6263
transcript,6264
transfer,6265
transformation,6266
transit,6267
transition,6268
translation,6269
transmission,6270
transom,6271
transparency,6272
transplantation,6273
transport,6274
transportation,6275
trap,6276
trapdoor,6277
trapezium,6278
trapezoid,6279
trash,6280
travel,6281
traveler,6282
tray,6283
treasure,6284
treasury,6285
treat,6286
treatment,6287
treaty,6288
tree,6289
trek,6290
trellis,6291
tremor,6292
trench,6293
trend,6294
triad,6295
trial,6296
triangle,6297
tribe,6298
tributary,6299
trick,6300
trigger,6301
trigonometry,6302
trillion,6303
trim,6304
trinket,6305
trip,6306
tripod,6307
tritone,6308
triumph,6309
trolley,6310
trombone,6311
troop,6312
trooper,6313
trophy,6314
trouble,6315
trousers,6316
trout,6317
trove,6318
trowel,6319
truck,6320
trumpet,6321
trunk,6322
trust,6323
trustee,6324
truth,6325
try,6326
tsunami,6327
tub,6328
tuba,6329
tube,6330
tuber,6331
tug,6332
tugboat,6333
tuition,6334
tulip,6335
tumbler,6336
tummy,6337
tuna,6338
tune,6339
tune-up,6340
tunic,6341
tunnel,6342
turban,6343
turf,6344
turkey,6345
turmeric,6346
turn,6347
turning,6348
turnip,6349
turnover,6350
turnstile,6351
turret,6352
turtle,6353
tusk,6354
tussle,6355
tutu,6356
tuxedo,6357
tweet,6358
twig,6359
twilight,6360
twine,6361
twins,6362
twist,6363
twister,6364
twitter,6365
type,6366
typeface,6367
typewriter,6368
typhoon,6369
ukulele,6370
ultimatum,6371
umbrella,6372
unblinking,6373
uncertainty,6374
uncle,6375
underclothes,6376
underestimate,6377
underground,6378
underneath,6379
underpants,6380
underpass,6381
undershirt,6382
understanding,6383
understatement,6384
undertaker,6385
underwear,6386
underweight,6387
underwire,6388
underwriting,6389
unemployment,6390
unibody,6391
uniform,6392
uniformity,6393
union,6394
unique,6395
unit,6396
unity,6397
universe,6398
university,6399
update,6400
upgrade,6401
uplift,6402
upper,6403
upstairs,6404
upward,6405
urge,6406
urgency,6407
urn,6408
usage,6409
use,6410
user,6411
usher,6412
usual,6413
utensil,6414
utilisation,6415
utility,6416
utilization,6417
vacation,6418
vaccine,6419
vacuum,6420
vagrant,6421
valance,6422
valentine,6423
validate,6424
validity,6425
valley,6426
valuable,6427
value,6428
vampire,6429
van,6430
vanadyl,6431
vane,6432
vanilla,6433
vanity,6434
variability,6435
variable,6436
variant,6437
variation,6438
variety,6439
vascular,6440
vase,6441
vault,6442
vaulting,6443
veal,6444
vector,6445
vegetable,6446
vegetarian,6447
vegetarianism,6448
vegetation,6449
vehicle,6450
veil,6451
vein,6452
veldt,6453
vellum,6454
velocity,6455
velodrome,6456
velvet,6457
vendor,6458
veneer,6459
vengeance,6460
venison,6461
venom,6462
venti,6463
venture,6464
venue,6465
veranda,6466
verb,6467
verdict,6468
verification,6469
vermicelli,6470
vernacular,6471
verse,6472
version,6473
vertigo,6474
verve,6475
vessel,6476
vest,6477
vestment,6478
vet,6479
veteran,6480
veterinarian,6481
veto,6482
viability,6483
vibe,6484
vibraphone,6485
vibration,6486
vibrissae,6487
vice,6488
vicinity,6489
victim,6490
victory,6491
video,6492
view,6493
viewer,6494
vignette,6495
villa,6496
village,6497
vine,6498
vinegar,6499
vineyard,6500
vintage,6501
vintner,6502
vinyl,6503
viola,6504
violation,6505
violence,6506
violet,6507
violin,6508
virginal,6509
virtue,6510
virus,6511
visa,6512
viscose,6513
vise,6514
vision,6515
visit,6516
visitor,6517
visor,6518
vista,6519
visual,6520
vitality,6521
vitamin,6522
vitro,6523
vivo,6524
vixen,6525
vodka,6526
vogue,6527
voice,6528
void,6529
vol,6530
volatility,6531
volcano,6532
volleyball,6533
volume,6534
volunteer,6535
volunteering,6536
vomit,6537
vote,6538
voter,6539
voting,6540
voyage,6541
vulture,6542
wad,6543
wafer,6544
waffle,6545
wage,6546
wagon,6547
waist,6548
waistband,6549
wait,6550
waiter,6551
waiting,6552
waitress,6553
waiver,6554
wake,6555
walk,6556
walker,6557
walking,6558
walkway,6559
wall,6560
wallaby,6561
wallet,6562
walnut,6563
walrus,6564
wampum,6565
wannabe,6566
want,6567
war,6568
warden,6569
wardrobe,6570
warfare,6571
warlock,6572
warlord,6573
warm-up,6574
warming,6575
warmth,6576
warning,6577
warrant,6578
warren,6579
warrior,6580
wasabi,6581
wash,6582
washbasin,6583
washcloth,6584
washer,6585
washtub,6586
wasp,6587
waste,6588
wastebasket,6589
wasting,6590
watch,6591
watcher,6592
watchmaker,6593
water,6594
waterbed,6595
watercress,6596
waterfall,6597
waterfront,6598
watermelon,6599
waterskiing,6600
waterspout,6601
waterwheel,6602
wave,6603
waveform,6604
wax,6605
way,6606
weakness,6607
wealth,6608
weapon,6609
wear,6610
weasel,6611
weather,6612
web,6613
webinar,6614
webmail,6615
webpage,6616
website,6617
wedding,6618
wedge,6619
weed,6620
weeder,6621
weedkiller,6622
week,6623
weekend,6624
weekender,6625
weight,6626
weird,6627
welcome,6628
welfare,6629
well,6630
well-being,6631
west,6632
western,6633
wet-bar,6634
wetland,6635
wetsuit,6636
whack,6637
whale,6638
wharf,6639
wheat,6640
wheel,6641
whelp,6642
whey,6643
whip,6644
whirlpool,6645
whirlwind,6646
whisker,6647
whiskey,6648
whisper,6649
whistle,6650
white,6651
whole,6652
wholesale,6653
wholesaler,6654
whorl,6655
wick,6656
widget,6657
widow,6658
width,6659
wife,6660
wifi,6661
wild,6662
wildebeest,6663
wilderness,6664
wildlife,6665
will,6666
willingness,6667
willow,6668
win,6669
wind,6670
wind-chime,6671
windage,6672
window,6673
windscreen,6674
windshield,6675
wine,6676
winery,6677
wing,6678
wingman,6679
wingtip,6680
wink,6681
winner,6682
winter,6683
wire,6684
wiretap,6685
wiring,6686
wisdom,6687
wiseguy,6688
wish,6689
wisteria,6690
wit,6691
witch,6692
witch-hunt,6693
withdrawal,6694
witness,6695
wok,6696
wolf,6697
woman,6698
wombat,6699
wonder,6700
wont,6701
wood,6702
woodchuck,6703
woodland,6704
woodshed,6705
woodwind,6706
wool,6707
woolens,6708
word,6709
wording,6710
work,6711
workbench,6712
worker,6713
workforce,6714
workhorse,6715
working,6716
workout,6717
workplace,6718
workshop,6719
world,6720
worm,6721
worry,6722
worship,6723
worshiper,6724
worth,6725
wound,6726
wrap,6727
wraparound,6728
wrapping,6729
wreck,6730
wrecker,6731
wren,6732
wrench,6733
wrestler,6734
wriggler,6735
wrinkle,6736
wrist,6737
writer,6738
writing,6739
wrong,6740
xylophone,6741
yacht,6742
yahoo,6743
yak,6744
yam,6745
yang,6746
yard,6747
yarmulke,6748
yarn,6749
yawl,6750
year,6751
yeast,6752
yellow,6753
yellowjacket,6754
yesterday,6755
yew,6756
yin,6757
yoga,6758
yogurt,6759
yoke,6760
yolk,6761
young,6762
youngster,6763
yourself,6764
youth,6765
yoyo,6766
yurt,6767
zampone,6768
zebra,6769
zebrafish,6770
zen,6771
zephyr,6772
zero,6773
ziggurat,6774
zinc,6775
zipper,6776
zither,6777
zombie,6778
zone,6779
zoo,6780
zoologist,6781
zoology,6782
zoot-suit,6783
zucchini,6784